TIMESTAMP,TRACK_ID,OBJECT_TYPE,X,Y
315972619.6,00000000-0000-0000-0000-000000000000,AV,598.6636242,811.8414759
315972619.6,00000000-0000-0000-0000-000000051661,OTHERS,618.4041712,830.296757
315972619.6,00000000-0000-0000-0000-000000051798,OTHERS,582.5024377,832.9040738
315972619.6,00000000-0000-0000-0000-000000051757,OTHERS,650.2408288,829.6197546
315972619.6,00000000-0000-0000-0000-000000051599,OTHERS,595.2419473,881.1235527
315972619.6,00000000-0000-0000-0000-000000051806,OTHERS,601.0707159,728.4460673
315972619.6,00000000-0000-0000-0000-000000051802,OTHERS,596.4519484,768.8266859
315972619.6,00000000-0000-0000-0000-000000051712,OTHERS,577.970833,832.686492
315972619.6,00000000-0000-0000-0000-000000051836,OTHERS,568.8773664,832.0963078
315972619.6,00000000-0000-0000-0000-000000051701,OTHERS,595.3689857,781.1139139
315972619.6,00000000-0000-0000-0000-000000051608,OTHERS,603.8606449,823.6265565
315972619.6,00000000-0000-0000-0000-000000051834,OTHERS,661.4186675,827.1893135
315972619.6,00000000-0000-0000-0000-000000051647,OTHERS,611.1877033,830.1837729
315972619.6,00000000-0000-0000-0000-000000051639,AGENT,602.9210099,835.5243748
315972619.6,00000000-0000-0000-0000-000000051632,OTHERS,594.8975191,800.4443309
315972619.6,00000000-0000-0000-0000-000000051629,OTHERS,594.3874734,806.6305322
315972619.6,00000000-0000-0000-0000-000000051771,OTHERS,595.1347527,793.5275794
315972619.6,00000000-0000-0000-0000-000000051720,OTHERS,607.7072219,827.4634539
315972619.6,00000000-0000-0000-0000-000000051571,OTHERS,604.6165205,803.2690579
315972619.6,00000000-0000-0000-0000-000000051366,OTHERS,595.2989527,855.0984027
315972619.6,00000000-0000-0000-0000-000000051405,OTHERS,606.2814768,759.2871529
315972619.6,00000000-0000-0000-0000-000000050943,OTHERS,599.2914198,832.7423668
315972619.6,00000000-0000-0000-0000-000000050495,OTHERS,602.6387392,778.9927299
315972619.6,00000000-0000-0000-0000-000000051812,OTHERS,595.6802608,774.3446549
315972619.7,00000000-0000-0000-0000-000000000000,AV,598.6635481,810.8369943
315972619.7,00000000-0000-0000-0000-000000050495,OTHERS,602.5868783,777.7196897
315972619.7,00000000-0000-0000-0000-000000051812,OTHERS,595.4953267,774.4403996
315972619.7,00000000-0000-0000-0000-000000050943,OTHERS,599.0918822,832.3577214
315972619.7,00000000-0000-0000-0000-000000051405,OTHERS,606.2622109,758.0428217
315972619.7,00000000-0000-0000-0000-000000051366,OTHERS,595.3377673,855.8206384
315972619.7,00000000-0000-0000-0000-000000051571,OTHERS,604.6346983,802.3526774
315972619.7,00000000-0000-0000-0000-000000051599,OTHERS,595.2419473,881.1235527
315972619.7,00000000-0000-0000-0000-000000051629,OTHERS,594.3902865,806.6308172
315972619.7,00000000-0000-0000-0000-000000051720,OTHERS,607.7233366,827.6665482
315972619.7,00000000-0000-0000-0000-000000051771,OTHERS,595.1482467,793.4565276
315972619.7,00000000-0000-0000-0000-000000051632,OTHERS,594.866651,800.4307504
315972619.7,00000000-0000-0000-0000-000000051639,AGENT,602.9232494,834.5931856
315972619.7,00000000-0000-0000-0000-000000051806,OTHERS,601.0707159,728.4460673
315972619.7,00000000-0000-0000-0000-000000051834,OTHERS,661.4186675,827.1893135
315972619.7,00000000-0000-0000-0000-000000051608,OTHERS,603.9097152,822.7556859
315972619.7,00000000-0000-0000-0000-000000051836,OTHERS,568.8773664,832.0963078
315972619.7,00000000-0000-0000-0000-000000051712,OTHERS,577.9349065,832.6558264
315972619.7,00000000-0000-0000-0000-000000051802,OTHERS,596.4410821,768.9993237
315972619.7,00000000-0000-0000-0000-000000051854,OTHERS,583.4611709,820.4546273
315972619.7,00000000-0000-0000-0000-000000051798,OTHERS,582.3339901,833.015983
315972619.7,00000000-0000-0000-0000-000000051661,OTHERS,618.3052484,830.3050725
315972619.7,00000000-0000-0000-0000-000000051701,OTHERS,595.2635502,781.317803
315972619.7,00000000-0000-0000-0000-000000051647,OTHERS,611.0031478,830.069406
315972619.8,00000000-0000-0000-0000-000000000000,AV,598.6337917,809.91654
315972619.8,00000000-0000-0000-0000-000000050495,OTHERS,602.6522976,776.4120595
315972619.8,00000000-0000-0000-0000-000000051812,OTHERS,595.4324229,774.5202626
315972619.8,00000000-0000-0000-0000-000000050943,OTHERS,598.8773766,831.9411469
315972619.8,00000000-0000-0000-0000-000000051405,OTHERS,606.2244769,756.7840906
315972619.8,00000000-0000-0000-0000-000000051366,OTHERS,595.3488681,855.0333277
315972619.8,00000000-0000-0000-0000-000000051571,OTHERS,604.6892889,801.3298548
315972619.8,00000000-0000-0000-0000-000000051629,OTHERS,594.3065161,806.3236428
315972619.8,00000000-0000-0000-0000-000000051720,OTHERS,607.7966754,827.9513039
315972619.8,00000000-0000-0000-0000-000000051771,OTHERS,595.1087786,793.4296621
315972619.8,00000000-0000-0000-0000-000000051632,OTHERS,594.8855341,800.4927933
315972619.8,00000000-0000-0000-0000-000000051639,AGENT,602.9193014,833.5782132
315972619.8,00000000-0000-0000-0000-000000051802,OTHERS,596.4441454,768.8365726
315972619.8,00000000-0000-0000-0000-000000051854,OTHERS,584.8916723,820.7446966
315972619.8,00000000-0000-0000-0000-000000051608,OTHERS,603.9126586,821.9962979
315972619.8,00000000-0000-0000-0000-000000051836,OTHERS,568.938848,832.0778116
315972619.8,00000000-0000-0000-0000-000000051712,OTHERS,578.0204498,832.6930492
315972619.8,00000000-0000-0000-0000-000000051806,OTHERS,601.1688222,725.7302835
315972619.8,00000000-0000-0000-0000-000000051798,OTHERS,582.3337242,833.0075618
315972619.8,00000000-0000-0000-0000-000000051661,OTHERS,617.8471268,830.3573803
315972619.8,00000000-0000-0000-0000-000000051701,OTHERS,595.4117241,780.9083245
315972619.8,00000000-0000-0000-0000-000000051647,OTHERS,611.0203424,830.1914896
315972619.9,00000000-0000-0000-0000-000000000000,AV,598.6096079,808.9872256
315972619.9,00000000-0000-0000-0000-000000050495,OTHERS,602.6475161,775.1537943
315972619.9,00000000-0000-0000-0000-000000050943,OTHERS,598.5808705,831.549656
315972619.9,00000000-0000-0000-0000-000000051405,OTHERS,606.3502819,755.3030438
315972619.9,00000000-0000-0000-0000-000000051366,OTHERS,595.2821319,855.0806731
315972619.9,00000000-0000-0000-0000-000000051571,OTHERS,604.7447345,800.3597946
315972619.9,00000000-0000-0000-0000-000000051629,OTHERS,594.3059432,806.2882556
315972619.9,00000000-0000-0000-0000-000000051720,OTHERS,607.8248734,827.93168
315972619.9,00000000-0000-0000-0000-000000051771,OTHERS,595.0917415,793.4310412
315972619.9,00000000-0000-0000-0000-000000051632,OTHERS,594.8681092,800.4764183
315972619.9,00000000-0000-0000-0000-000000051639,AGENT,602.8749146,832.7997876
315972619.9,00000000-0000-0000-0000-000000051802,OTHERS,596.4394203,768.892817
315972619.9,00000000-0000-0000-0000-000000051854,OTHERS,585.2258161,820.8755612
315972619.9,00000000-0000-0000-0000-000000051806,OTHERS,601.1688222,725.7302835
315972619.9,00000000-0000-0000-0000-000000051608,OTHERS,603.9411836,821.0876173
315972619.9,00000000-0000-0000-0000-000000051836,OTHERS,568.938848,832.0778116
315972619.9,00000000-0000-0000-0000-000000051712,OTHERS,577.9003445,832.6791712
315972619.9,00000000-0000-0000-0000-000000051812,OTHERS,595.47326,774.2942867
315972619.9,00000000-0000-0000-0000-000000051701,OTHERS,595.382222,781.1062859
315972619.9,00000000-0000-0000-0000-000000051647,OTHERS,611.3643681,830.2517056
315972619.9,00000000-0000-0000-0000-000000051798,OTHERS,582.4424951,832.8418523
315972619.9,00000000-0000-0000-0000-000000051661,OTHERS,618.3095537,830.3015527
315972620,00000000-0000-0000-0000-000000000000,AV,598.5870359,807.964882
315972620,00000000-0000-0000-0000-000000050495,OTHERS,602.7247199,774.0138407
315972620,00000000-0000-0000-0000-000000050943,OTHERS,598.4489004,831.3459778
315972620,00000000-0000-0000-0000-000000051405,OTHERS,606.2951915,754.2935544
315972620,00000000-0000-0000-0000-000000051366,OTHERS,595.4097336,855.1229138
315972620,00000000-0000-0000-0000-000000051571,OTHERS,604.7947323,799.2910704
315972620,00000000-0000-0000-0000-000000051629,OTHERS,594.3177663,806.2365079
315972620,00000000-0000-0000-0000-000000051720,OTHERS,607.8248734,827.93168
315972620,00000000-0000-0000-0000-000000051771,OTHERS,595.0718916,793.4845017
315972620,00000000-0000-0000-0000-000000051632,OTHERS,594.9072539,800.390252
315972620,00000000-0000-0000-0000-000000051802,OTHERS,596.2575963,768.5781962
315972620,00000000-0000-0000-0000-000000051854,OTHERS,587.5194516,821.0967058
315972620,00000000-0000-0000-0000-000000051806,OTHERS,601.1805274,722.8833404
315972620,00000000-0000-0000-0000-000000051608,OTHERS,603.9625701,820.260807
315972620,00000000-0000-0000-0000-000000051836,OTHERS,568.938848,832.0778116
315972620,00000000-0000-0000-0000-000000051712,OTHERS,578.1260783,832.660929
315972620,00000000-0000-0000-0000-000000051701,OTHERS,595.3815883,781.085164
315972620,00000000-0000-0000-0000-000000051647,OTHERS,611.8141671,830.0972886
315972620,00000000-0000-0000-0000-000000051812,OTHERS,595.3642272,774.3671952
315972620,00000000-0000-0000-0000-000000051798,OTHERS,582.4680626,832.8016529
315972620,00000000-0000-0000-0000-000000051661,OTHERS,618.2614408,830.2563412
315972620,00000000-0000-0000-0000-000000051639,AGENT,602.8158226,831.9738598
315972620.1,00000000-0000-0000-0000-000000000000,AV,598.5661853,806.926262
315972620.1,00000000-0000-0000-0000-000000050495,OTHERS,602.7139484,772.667361
315972620.1,00000000-0000-0000-0000-000000050943,OTHERS,598.1425647,830.9048829
315972620.1,00000000-0000-0000-0000-000000051405,OTHERS,606.6047481,752.9542191
315972620.1,00000000-0000-0000-0000-000000051366,OTHERS,595.2688865,855.146009
315972620.1,00000000-0000-0000-0000-000000051571,OTHERS,604.8640915,798.3107747
315972620.1,00000000-0000-0000-0000-000000051629,OTHERS,594.3558207,806.1545683
315972620.1,00000000-0000-0000-0000-000000051720,OTHERS,607.8248734,827.93168
315972620.1,00000000-0000-0000-0000-000000051771,OTHERS,595.0325473,793.5046147
315972620.1,00000000-0000-0000-0000-000000051632,OTHERS,594.8060959,800.4298858
315972620.1,00000000-0000-0000-0000-000000051639,AGENT,602.8102385,830.9394719
315972620.1,00000000-0000-0000-0000-000000051802,OTHERS,596.2845994,768.5508658
315972620.1,00000000-0000-0000-0000-000000051854,OTHERS,587.9649909,821.1172607
315972620.1,00000000-0000-0000-0000-000000051608,OTHERS,604.0108086,819.4063308
315972620.1,00000000-0000-0000-0000-000000051836,OTHERS,568.938848,832.0778116
315972620.1,00000000-0000-0000-0000-000000051712,OTHERS,579.174979,832.8301732
315972620.1,00000000-0000-0000-0000-000000051701,OTHERS,595.3379842,781.1425453
315972620.1,00000000-0000-0000-0000-000000051647,OTHERS,611.8180738,830.0854055
315972620.1,00000000-0000-0000-0000-000000051812,OTHERS,595.4747527,774.2650621
315972620.1,00000000-0000-0000-0000-000000051806,OTHERS,601.2628206,721.576075
315972620.1,00000000-0000-0000-0000-000000051798,OTHERS,582.401791,833.0099123
315972620.1,00000000-0000-0000-0000-000000051661,OTHERS,618.0562614,830.237655
315972620.2,00000000-0000-0000-0000-000000000000,AV,598.5513271,805.9822487
315972620.2,00000000-0000-0000-0000-000000050495,OTHERS,602.83749,771.4051377
315972620.2,00000000-0000-0000-0000-000000051812,OTHERS,595.5326014,774.1659877
315972620.2,00000000-0000-0000-0000-000000050943,OTHERS,597.968398,830.7607352
315972620.2,00000000-0000-0000-0000-000000051608,OTHERS,604.0136008,818.5184091
315972620.2,00000000-0000-0000-0000-000000051405,OTHERS,606.6699313,751.8190107
315972620.2,00000000-0000-0000-0000-000000051366,OTHERS,595.1033999,855.0561299
315972620.2,00000000-0000-0000-0000-000000051571,OTHERS,604.8814712,797.3148942
315972620.2,00000000-0000-0000-0000-000000051629,OTHERS,594.3303871,806.0406503
315972620.2,00000000-0000-0000-0000-000000051806,OTHERS,601.2770067,720.1411113
315972620.2,00000000-0000-0000-0000-000000051802,OTHERS,596.3385795,768.6706635
315972620.2,00000000-0000-0000-0000-000000051854,OTHERS,587.9649909,821.1172607
315972620.2,00000000-0000-0000-0000-000000051865,OTHERS,607.7900671,824.2137342
315972620.2,00000000-0000-0000-0000-000000051712,OTHERS,579.9139278,833.5126746
315972620.2,00000000-0000-0000-0000-000000051701,OTHERS,595.4313674,780.7376818
315972620.2,00000000-0000-0000-0000-000000051647,OTHERS,611.8170376,830.0864552
315972620.2,00000000-0000-0000-0000-000000051798,OTHERS,582.4484986,832.8835168
315972620.2,00000000-0000-0000-0000-000000051661,OTHERS,617.7632296,830.1663757
315972620.2,00000000-0000-0000-0000-000000051639,AGENT,602.7581882,830.0651766
315972620.2,00000000-0000-0000-0000-000000051632,OTHERS,594.9199263,800.4135186
315972620.2,00000000-0000-0000-0000-000000051771,OTHERS,595.0157166,793.5972975
315972620.2,00000000-0000-0000-0000-000000051720,OTHERS,607.8248734,827.93168
315972620.3,00000000-0000-0000-0000-000000000000,AV,598.5437372,805.0359228
315972620.3,00000000-0000-0000-0000-000000050495,OTHERS,602.8924746,770.0610155
315972620.3,00000000-0000-0000-0000-000000051812,OTHERS,595.89243,773.827445
315972620.3,00000000-0000-0000-0000-000000050943,OTHERS,597.6172674,830.3417273
315972620.3,00000000-0000-0000-0000-000000051608,OTHERS,604.0707381,817.6758105
315972620.3,00000000-0000-0000-0000-000000051405,OTHERS,606.5318197,750.4651484
315972620.3,00000000-0000-0000-0000-000000051366,OTHERS,594.7882187,854.9925843
315972620.3,00000000-0000-0000-0000-000000051571,OTHERS,604.9917939,796.1774664
315972620.3,00000000-0000-0000-0000-000000051629,OTHERS,594.3338982,806.036115
315972620.3,00000000-0000-0000-0000-000000051806,OTHERS,601.2770067,720.1411113
315972620.3,00000000-0000-0000-0000-000000051802,OTHERS,596.2833095,768.5033924
315972620.3,00000000-0000-0000-0000-000000051854,OTHERS,587.9649909,821.1172607
315972620.3,00000000-0000-0000-0000-000000051862,OTHERS,596.4346335,754.9858184
315972620.3,00000000-0000-0000-0000-000000051865,OTHERS,607.7900671,824.2137342
315972620.3,00000000-0000-0000-0000-000000051712,OTHERS,575.2393735,832.0524992
315972620.3,00000000-0000-0000-0000-000000051701,OTHERS,595.4503324,780.8879092
315972620.3,00000000-0000-0000-0000-000000051647,OTHERS,612.3642587,830.0467592
315972620.3,00000000-0000-0000-0000-000000051798,OTHERS,582.4484986,832.8835168
315972620.3,00000000-0000-0000-0000-000000051661,OTHERS,618.3607341,829.9583811
315972620.3,00000000-0000-0000-0000-000000051639,AGENT,602.7146991,829.1163293
315972620.3,00000000-0000-0000-0000-000000051632,OTHERS,594.9307228,800.4091166
315972620.3,00000000-0000-0000-0000-000000051771,OTHERS,594.9899226,793.5866736
315972620.4,00000000-0000-0000-0000-000000000000,AV,598.5372089,804.0825115
315972620.4,00000000-0000-0000-0000-000000050495,OTHERS,602.9779055,768.7907996
315972620.4,00000000-0000-0000-0000-000000051812,OTHERS,595.5019942,774.125773
315972620.4,00000000-0000-0000-0000-000000050943,OTHERS,597.2687794,829.9424355
315972620.4,00000000-0000-0000-0000-000000051608,OTHERS,604.0960369,816.7111295
315972620.4,00000000-0000-0000-0000-000000051405,OTHERS,606.7306632,749.1178737
315972620.4,00000000-0000-0000-0000-000000051366,OTHERS,594.7882187,854.9925843
315972620.4,00000000-0000-0000-0000-000000051571,OTHERS,604.9991632,795.2650952
315972620.4,00000000-0000-0000-0000-000000051629,OTHERS,594.3436989,806.0234759
315972620.4,00000000-0000-0000-0000-000000051806,OTHERS,601.5057445,717.345379
315972620.4,00000000-0000-0000-0000-000000051802,OTHERS,596.2328079,768.608178
315972620.4,00000000-0000-0000-0000-000000051854,OTHERS,587.9649909,821.1172607
315972620.4,00000000-0000-0000-0000-000000051862,OTHERS,596.3106937,754.9925729
315972620.4,00000000-0000-0000-0000-000000051865,OTHERS,607.7900671,824.2137342
315972620.4,00000000-0000-0000-0000-000000051712,OTHERS,576.1690728,832.1481258
315972620.4,00000000-0000-0000-0000-000000051701,OTHERS,595.4492498,780.7834132
315972620.4,00000000-0000-0000-0000-000000051647,OTHERS,612.7444014,830.0787066
315972620.4,00000000-0000-0000-0000-000000051820,OTHERS,610.4037775,782.2034641
315972620.4,00000000-0000-0000-0000-000000051798,OTHERS,582.4484986,832.8835168
315972620.4,00000000-0000-0000-0000-000000051661,OTHERS,618.6365161,830.1412944
315972620.4,00000000-0000-0000-0000-000000051639,AGENT,602.6698687,828.1816181
315972620.4,00000000-0000-0000-0000-000000051771,OTHERS,594.9587516,793.6938686
315972620.4,00000000-0000-0000-0000-000000051632,OTHERS,594.9162538,800.3928938
315972620.5,00000000-0000-0000-0000-000000000000,AV,598.5368967,803.124063
315972620.5,00000000-0000-0000-0000-000000050495,OTHERS,602.9532475,767.4067662
315972620.5,00000000-0000-0000-0000-000000051812,OTHERS,595.524523,774.1243204
315972620.5,00000000-0000-0000-0000-000000050943,OTHERS,596.9635676,829.7657481
315972620.5,00000000-0000-0000-0000-000000051802,OTHERS,596.4132601,768.8075838
315972620.5,00000000-0000-0000-0000-000000051608,OTHERS,604.1272324,815.8859977
315972620.5,00000000-0000-0000-0000-000000051405,OTHERS,606.6409682,747.9315344
315972620.5,00000000-0000-0000-0000-000000051366,OTHERS,594.7882187,854.9925843
315972620.5,00000000-0000-0000-0000-000000051571,OTHERS,605.1027685,794.148531
315972620.5,00000000-0000-0000-0000-000000051629,OTHERS,594.3148325,805.9412684
315972620.5,00000000-0000-0000-0000-000000051806,OTHERS,601.5015283,716.0585656
315972620.5,00000000-0000-0000-0000-000000051862,OTHERS,596.5474964,754.9239981
315972620.5,00000000-0000-0000-0000-000000051865,OTHERS,607.7900671,824.2137342
315972620.5,00000000-0000-0000-0000-000000051712,OTHERS,577.0220443,832.2082855
315972620.5,00000000-0000-0000-0000-000000051701,OTHERS,595.3953384,780.9782544
315972620.5,00000000-0000-0000-0000-000000051647,OTHERS,612.7444014,830.0787066
315972620.5,00000000-0000-0000-0000-000000051820,OTHERS,610.3440991,782.1497983
315972620.5,00000000-0000-0000-0000-000000051798,OTHERS,582.4484986,832.8835168
315972620.5,00000000-0000-0000-0000-000000051661,OTHERS,618.552755,830.2327723
315972620.5,00000000-0000-0000-0000-000000051639,AGENT,602.6181319,827.1991883
315972620.5,00000000-0000-0000-0000-000000051632,OTHERS,594.9212049,800.3481247
315972620.5,00000000-0000-0000-0000-000000051771,OTHERS,594.8951569,793.6670148
315972620.6,00000000-0000-0000-0000-000000000000,AV,598.5398264,802.0580856
315972620.6,00000000-0000-0000-0000-000000050495,OTHERS,602.910417,766.0258785
315972620.6,00000000-0000-0000-0000-000000051812,OTHERS,595.4915838,773.913615
315972620.6,00000000-0000-0000-0000-000000050943,OTHERS,596.696771,829.6151018
315972620.6,00000000-0000-0000-0000-000000051802,OTHERS,596.2681092,768.5663111
315972620.6,00000000-0000-0000-0000-000000051608,OTHERS,604.1459563,815.0483573
315972620.6,00000000-0000-0000-0000-000000051405,OTHERS,606.6196067,746.6506705
315972620.6,00000000-0000-0000-0000-000000051712,OTHERS,577.854668,832.4458644
315972620.6,00000000-0000-0000-0000-000000051701,OTHERS,595.4425391,780.762853
315972620.6,00000000-0000-0000-0000-000000051647,OTHERS,611.6591568,830.3319327
315972620.6,00000000-0000-0000-0000-000000051806,OTHERS,601.5107343,714.6551944
315972620.6,00000000-0000-0000-0000-000000051629,OTHERS,594.3055675,805.986997
315972620.6,00000000-0000-0000-0000-000000051862,OTHERS,596.5015747,754.9427311
315972620.6,00000000-0000-0000-0000-000000051867,OTHERS,607.5494212,829.1185475
315972620.6,00000000-0000-0000-0000-000000051366,OTHERS,594.7882187,854.9925843
315972620.6,00000000-0000-0000-0000-000000051571,OTHERS,605.1084488,793.1925315
315972620.6,00000000-0000-0000-0000-000000051820,OTHERS,610.3440991,782.1497983
315972620.6,00000000-0000-0000-0000-000000051661,OTHERS,618.4659861,830.2154665
315972620.6,00000000-0000-0000-0000-000000051639,AGENT,602.5875751,826.0791783
315972620.6,00000000-0000-0000-0000-000000051632,OTHERS,594.9566888,800.3438719
315972620.6,00000000-0000-0000-0000-000000051771,OTHERS,594.9080397,793.7786865
315972620.7,00000000-0000-0000-0000-000000000000,AV,598.5445178,801.1877696
315972620.7,00000000-0000-0000-0000-000000051812,OTHERS,595.5786409,773.9808501
315972620.7,00000000-0000-0000-0000-000000050943,OTHERS,596.3294194,829.4057487
315972620.7,00000000-0000-0000-0000-000000051802,OTHERS,596.2546031,768.454565
315972620.7,00000000-0000-0000-0000-000000051608,OTHERS,604.1729075,814.120897
315972620.7,00000000-0000-0000-0000-000000051405,OTHERS,606.7471648,745.4200298
315972620.7,00000000-0000-0000-0000-000000051571,OTHERS,605.147098,792.1537707
315972620.7,00000000-0000-0000-0000-000000051806,OTHERS,601.6965602,713.149982
315972620.7,00000000-0000-0000-0000-000000051862,OTHERS,596.5955274,754.9630392
315972620.7,00000000-0000-0000-0000-000000051867,OTHERS,607.5969924,829.251906
315972620.7,00000000-0000-0000-0000-000000050495,OTHERS,603.0965731,764.7637992
315972620.7,00000000-0000-0000-0000-000000051820,OTHERS,610.3606147,782.1418318
315972620.7,00000000-0000-0000-0000-000000051661,OTHERS,618.4507812,830.1974441
315972620.7,00000000-0000-0000-0000-000000051629,OTHERS,594.2988042,805.9247097
315972620.7,00000000-0000-0000-0000-000000051712,OTHERS,578.1551164,832.5558957
315972620.7,00000000-0000-0000-0000-000000051701,OTHERS,595.4083782,780.8854755
315972620.7,00000000-0000-0000-0000-000000051647,OTHERS,611.6591568,830.3319327
315972620.7,00000000-0000-0000-0000-000000051639,AGENT,602.5283613,825.1404794
315972620.7,00000000-0000-0000-0000-000000051632,OTHERS,594.9761243,800.1785892
315972620.7,00000000-0000-0000-0000-000000051771,OTHERS,594.8538371,793.6524588
315972620.8,00000000-0000-0000-0000-000000000000,AV,598.5542067,800.1105748
315972620.8,00000000-0000-0000-0000-000000051812,OTHERS,595.5664421,773.9611064
315972620.8,00000000-0000-0000-0000-000000050943,OTHERS,595.9602691,829.1949037
315972620.8,00000000-0000-0000-0000-000000051802,OTHERS,596.2689267,768.3873579
315972620.8,00000000-0000-0000-0000-000000051608,OTHERS,604.2082377,813.2234036
315972620.8,00000000-0000-0000-0000-000000051405,OTHERS,606.7941981,744.1089099
315972620.8,00000000-0000-0000-0000-000000051571,OTHERS,605.1975864,791.1165548
315972620.8,00000000-0000-0000-0000-000000051867,OTHERS,607.6047859,829.4625197
315972620.8,00000000-0000-0000-0000-000000051629,OTHERS,594.2942626,805.7902284
315972620.8,00000000-0000-0000-0000-000000051862,OTHERS,596.5969316,754.9651196
315972620.8,00000000-0000-0000-0000-000000051806,OTHERS,601.6542895,711.7751867
315972620.8,00000000-0000-0000-0000-000000050495,OTHERS,603.1682055,763.5243421
315972620.8,00000000-0000-0000-0000-000000051661,OTHERS,618.5349325,830.292788
315972620.8,00000000-0000-0000-0000-000000051712,OTHERS,577.938804,832.4761446
315972620.8,00000000-0000-0000-0000-000000051701,OTHERS,595.4439714,780.7156113
315972620.8,00000000-0000-0000-0000-000000051647,OTHERS,611.6591568,830.3319327
315972620.8,00000000-0000-0000-0000-000000051639,AGENT,602.4503528,823.9611341
315972620.8,00000000-0000-0000-0000-000000051632,OTHERS,594.9079579,799.9925089
315972620.8,00000000-0000-0000-0000-000000051771,OTHERS,594.9079899,793.7552368
315972620.9,00000000-0000-0000-0000-000000000000,AV,598.5641912,799.1290014
315972620.9,00000000-0000-0000-0000-000000051812,OTHERS,595.5830037,773.7597027
315972620.9,00000000-0000-0000-0000-000000050943,OTHERS,595.6332818,829.0259829
315972620.9,00000000-0000-0000-0000-000000051802,OTHERS,596.2412515,768.417929
315972620.9,00000000-0000-0000-0000-000000051608,OTHERS,604.2490025,812.3567424
315972620.9,00000000-0000-0000-0000-000000051405,OTHERS,606.8026296,742.8263478
315972620.9,00000000-0000-0000-0000-000000051863,OTHERS,583.8992897,718.6389352
315972620.9,00000000-0000-0000-0000-000000051571,OTHERS,605.2492536,790.1026369
315972620.9,00000000-0000-0000-0000-000000051867,OTHERS,607.6028296,829.6588434
315972620.9,00000000-0000-0000-0000-000000051629,OTHERS,594.3026053,805.7559151
315972620.9,00000000-0000-0000-0000-000000051862,OTHERS,596.5535509,754.9489803
315972620.9,00000000-0000-0000-0000-000000050495,OTHERS,603.2545183,762.1931946
315972620.9,00000000-0000-0000-0000-000000051661,OTHERS,619.4261624,829.9777082
315972620.9,00000000-0000-0000-0000-000000051806,OTHERS,601.7866687,710.4268009
315972620.9,00000000-0000-0000-0000-000000051712,OTHERS,577.5638141,832.3809689
315972620.9,00000000-0000-0000-0000-000000051701,OTHERS,595.4521155,780.6866629
315972620.9,00000000-0000-0000-0000-000000051647,OTHERS,611.6591568,830.3319327
315972620.9,00000000-0000-0000-0000-000000051639,AGENT,602.3830204,822.7597384
315972620.9,00000000-0000-0000-0000-000000051771,OTHERS,594.886798,793.750329
315972620.9,00000000-0000-0000-0000-000000051632,OTHERS,594.8403483,799.7530928
315972621,00000000-0000-0000-0000-000000000000,AV,598.5758653,798.1442358
315972621,00000000-0000-0000-0000-000000050495,OTHERS,603.2446576,760.8445584
315972621,00000000-0000-0000-0000-000000051812,OTHERS,595.5253987,773.857081
315972621,00000000-0000-0000-0000-000000050943,OTHERS,595.2089851,828.9376151
315972621,00000000-0000-0000-0000-000000051608,OTHERS,604.2787086,811.4732529
315972621,00000000-0000-0000-0000-000000051701,OTHERS,595.4339082,780.7497895
315972621,00000000-0000-0000-0000-000000051405,OTHERS,606.9780342,741.5219624
315972621,00000000-0000-0000-0000-000000051863,OTHERS,583.6469934,718.6902893
315972621,00000000-0000-0000-0000-000000051571,OTHERS,605.2984258,788.9804607
315972621,00000000-0000-0000-0000-000000051629,OTHERS,594.3109394,805.8464602
315972621,00000000-0000-0000-0000-000000051867,OTHERS,608.2605835,830.0685428
315972621,00000000-0000-0000-0000-000000051712,OTHERS,576.6321778,832.2656419
315972621,00000000-0000-0000-0000-000000051802,OTHERS,596.2309061,768.4858182
315972621,00000000-0000-0000-0000-000000051862,OTHERS,596.4316334,754.9967859
315972621,00000000-0000-0000-0000-000000051806,OTHERS,601.7908343,709.1565519
315972621,00000000-0000-0000-0000-000000051661,OTHERS,619.3020099,829.8994485
315972621,00000000-0000-0000-0000-000000051639,AGENT,602.2959042,821.6713835
315972621,00000000-0000-0000-0000-000000051771,OTHERS,594.8882576,793.6605506
315972621,00000000-0000-0000-0000-000000051632,OTHERS,594.8155669,799.6860988
315972621.1,00000000-0000-0000-0000-000000000000,AV,598.5907587,797.0586433
315972621.1,00000000-0000-0000-0000-000000050495,OTHERS,603.2547537,759.2822449
315972621.1,00000000-0000-0000-0000-000000051812,OTHERS,595.4246153,773.8961455
315972621.1,00000000-0000-0000-0000-000000050943,OTHERS,594.6014495,828.3883173
315972621.1,00000000-0000-0000-0000-000000051608,OTHERS,604.3063483,810.4590264
315972621.1,00000000-0000-0000-0000-000000051701,OTHERS,595.4241984,780.7180178
315972621.1,00000000-0000-0000-0000-000000051405,OTHERS,606.9432035,740.3091044
315972621.1,00000000-0000-0000-0000-000000051863,OTHERS,583.3147461,718.6797867
315972621.1,00000000-0000-0000-0000-000000051571,OTHERS,605.3191303,787.972927
315972621.1,00000000-0000-0000-0000-000000051771,OTHERS,594.9603545,793.6763347
315972621.1,00000000-0000-0000-0000-000000051632,OTHERS,594.8288678,799.6648896
315972621.1,00000000-0000-0000-0000-000000051639,AGENT,602.2565526,820.3992965
315972621.1,00000000-0000-0000-0000-000000051802,OTHERS,596.2348669,768.3871195
315972621.1,00000000-0000-0000-0000-000000051629,OTHERS,594.3346431,805.8905791
315972621.1,00000000-0000-0000-0000-000000051869,OTHERS,593.8752396,798.0588986
315972621.1,00000000-0000-0000-0000-000000051712,OTHERS,576.3906572,832.169489
315972621.1,00000000-0000-0000-0000-000000051867,OTHERS,608.3903272,830.1304733
315972621.1,00000000-0000-0000-0000-000000051862,OTHERS,596.4904973,754.9667452
315972621.1,00000000-0000-0000-0000-000000051806,OTHERS,601.7908343,709.1565519
315972621.1,00000000-0000-0000-0000-000000051661,OTHERS,619.392864,829.999417
315972621.2,00000000-0000-0000-0000-000000000000,AV,598.6056615,796.0579239
315972621.2,00000000-0000-0000-0000-000000050495,OTHERS,603.3517136,758.2172149
315972621.2,00000000-0000-0000-0000-000000051812,OTHERS,595.5236014,773.8887455
315972621.2,00000000-0000-0000-0000-000000050943,OTHERS,594.1948324,828.3364776
315972621.2,00000000-0000-0000-0000-000000051608,OTHERS,604.3361514,809.5648778
315972621.2,00000000-0000-0000-0000-000000051701,OTHERS,595.430299,780.768274
315972621.2,00000000-0000-0000-0000-000000051405,OTHERS,607.005564,739.0879528
315972621.2,00000000-0000-0000-0000-000000051863,OTHERS,582.8803448,718.6071285
315972621.2,00000000-0000-0000-0000-000000051571,OTHERS,605.3761057,786.8471254
315972621.2,00000000-0000-0000-0000-000000051802,OTHERS,596.2701125,768.2882527
315972621.2,00000000-0000-0000-0000-000000051629,OTHERS,594.3123779,806.0180108
315972621.2,00000000-0000-0000-0000-000000051869,OTHERS,593.9447426,798.1630433
315972621.2,00000000-0000-0000-0000-000000051712,OTHERS,576.7186846,832.2129032
315972621.2,00000000-0000-0000-0000-000000051771,OTHERS,594.9536078,793.7052273
315972621.2,00000000-0000-0000-0000-000000051632,OTHERS,594.866698,799.6207524
315972621.2,00000000-0000-0000-0000-000000051867,OTHERS,608.4478762,830.2130375
315972621.2,00000000-0000-0000-0000-000000051862,OTHERS,596.5846011,754.8016813
315972621.2,00000000-0000-0000-0000-000000051806,OTHERS,601.748846,706.2857322
315972621.2,00000000-0000-0000-0000-000000051661,OTHERS,619.087939,829.9701585
315972621.2,00000000-0000-0000-0000-000000051639,AGENT,602.2265635,819.08389
315972621.3,00000000-0000-0000-0000-000000000000,AV,598.6220581,795.0554606
315972621.3,00000000-0000-0000-0000-000000050495,OTHERS,603.2819304,756.9162421
315972621.3,00000000-0000-0000-0000-000000051812,OTHERS,595.4886354,773.9184262
315972621.3,00000000-0000-0000-0000-000000050943,OTHERS,593.58961,828.1306868
315972621.3,00000000-0000-0000-0000-000000051608,OTHERS,604.3769078,808.6882878
315972621.3,00000000-0000-0000-0000-000000051701,OTHERS,595.4389658,780.7008289
315972621.3,00000000-0000-0000-0000-000000051405,OTHERS,607.1009223,737.7350183
315972621.3,00000000-0000-0000-0000-000000051876,OTHERS,595.3660758,855.053742
315972621.3,00000000-0000-0000-0000-000000051863,OTHERS,582.8803448,718.6071285
315972621.3,00000000-0000-0000-0000-000000051571,OTHERS,605.4267764,785.873263
315972621.3,00000000-0000-0000-0000-000000051802,OTHERS,596.2151122,768.2528211
315972621.3,00000000-0000-0000-0000-000000051771,OTHERS,594.9497613,793.5102701
315972621.3,00000000-0000-0000-0000-000000051632,OTHERS,594.8927084,799.4346177
315972621.3,00000000-0000-0000-0000-000000051629,OTHERS,594.3830617,805.8553258
315972621.3,00000000-0000-0000-0000-000000051869,OTHERS,593.9643007,798.1521093
315972621.3,00000000-0000-0000-0000-000000051867,OTHERS,608.7373834,830.0533686
315972621.3,00000000-0000-0000-0000-000000051862,OTHERS,596.4532055,754.8508223
315972621.3,00000000-0000-0000-0000-000000051806,OTHERS,602.2363557,704.9965834
315972621.3,00000000-0000-0000-0000-000000051712,OTHERS,577.3636864,832.3990539
315972621.3,00000000-0000-0000-0000-000000051661,OTHERS,618.963891,829.938639
315972621.3,00000000-0000-0000-0000-000000051639,AGENT,602.1062716,818.2554803
315972621.4,00000000-0000-0000-0000-000000000000,AV,598.6406974,793.9452873
315972621.4,00000000-0000-0000-0000-000000050495,OTHERS,603.4258791,755.5297611
315972621.4,00000000-0000-0000-0000-000000050943,OTHERS,593.4641385,827.9289477
315972621.4,00000000-0000-0000-0000-000000051608,OTHERS,604.4141422,807.8025092
315972621.4,00000000-0000-0000-0000-000000051701,OTHERS,595.4461008,780.687586
315972621.4,00000000-0000-0000-0000-000000051405,OTHERS,607.0939322,736.4780478
315972621.4,00000000-0000-0000-0000-000000051876,OTHERS,595.4322087,854.9982542
315972621.4,00000000-0000-0000-0000-000000051863,OTHERS,582.8803448,718.6071285
315972621.4,00000000-0000-0000-0000-000000051571,OTHERS,605.4607449,784.7771294
315972621.4,00000000-0000-0000-0000-000000051771,OTHERS,594.9176439,793.3297752
315972621.4,00000000-0000-0000-0000-000000051632,OTHERS,594.8976964,799.2037168
315972621.4,00000000-0000-0000-0000-000000051639,AGENT,602.0247738,816.9625159
315972621.4,00000000-0000-0000-0000-000000051661,OTHERS,618.9818116,829.9746934
315972621.4,00000000-0000-0000-0000-000000051629,OTHERS,594.3641818,806.0058469
315972621.4,00000000-0000-0000-0000-000000051869,OTHERS,593.9627139,798.2525697
315972621.4,00000000-0000-0000-0000-000000051812,OTHERS,595.4817612,773.9547356
315972621.4,00000000-0000-0000-0000-000000051802,OTHERS,596.2807394,768.2393872
315972621.4,00000000-0000-0000-0000-000000051867,OTHERS,608.6972425,830.2044804
315972621.4,00000000-0000-0000-0000-000000051862,OTHERS,596.4924581,754.9541779
315972621.4,00000000-0000-0000-0000-000000051806,OTHERS,602.2363557,704.9965834
315972621.4,00000000-0000-0000-0000-000000051712,OTHERS,578.0384086,832.3965076
315972621.5,00000000-0000-0000-0000-000000000000,AV,598.6570911,792.9392858
315972621.5,00000000-0000-0000-0000-000000050495,OTHERS,603.5410941,754.1199601
315972621.5,00000000-0000-0000-0000-000000050943,OTHERS,592.9649132,827.8713085
315972621.5,00000000-0000-0000-0000-000000051608,OTHERS,604.4512527,806.8690806
315972621.5,00000000-0000-0000-0000-000000051701,OTHERS,595.4622112,780.662143
315972621.5,00000000-0000-0000-0000-000000051405,OTHERS,607.2026285,735.2299198
315972621.5,00000000-0000-0000-0000-000000051876,OTHERS,595.2318487,855.0705014
315972621.5,00000000-0000-0000-0000-000000051863,OTHERS,582.8803448,718.6071285
315972621.5,00000000-0000-0000-0000-000000051571,OTHERS,605.5296698,783.7267962
315972621.5,00000000-0000-0000-0000-000000051771,OTHERS,594.9705412,793.3740087
315972621.5,00000000-0000-0000-0000-000000051632,OTHERS,594.8419644,799.3829114
315972621.5,00000000-0000-0000-0000-000000051812,OTHERS,595.5315556,773.9169062
315972621.5,00000000-0000-0000-0000-000000051802,OTHERS,596.2922083,768.1210122
315972621.5,00000000-0000-0000-0000-000000051867,OTHERS,608.8330973,830.2180029
315972621.5,00000000-0000-0000-0000-000000051862,OTHERS,596.3636978,754.8797463
315972621.5,00000000-0000-0000-0000-000000051806,OTHERS,602.63579,702.1525313
315972621.5,00000000-0000-0000-0000-000000051712,OTHERS,579.1760278,832.5128727
315972621.5,00000000-0000-0000-0000-000000051629,OTHERS,594.3360048,806.0908348
315972621.5,00000000-0000-0000-0000-000000051869,OTHERS,593.9789343,798.1542828
315972621.5,00000000-0000-0000-0000-000000051661,OTHERS,619.2166246,829.9941275
315972621.5,00000000-0000-0000-0000-000000051639,AGENT,602.0501686,815.3050533
315972621.6,00000000-0000-0000-0000-000000000000,AV,598.6785111,791.8200553
315972621.6,00000000-0000-0000-0000-000000050495,OTHERS,603.5898907,752.6869544
315972621.6,00000000-0000-0000-0000-000000050943,OTHERS,592.5984326,827.8007326
315972621.6,00000000-0000-0000-0000-000000051802,OTHERS,596.2888671,767.7308029
315972621.6,00000000-0000-0000-0000-000000051608,OTHERS,604.501521,805.9086517
315972621.6,00000000-0000-0000-0000-000000051701,OTHERS,595.4327783,780.6116277
315972621.6,00000000-0000-0000-0000-000000051405,OTHERS,607.1295901,733.9112861
315972621.6,00000000-0000-0000-0000-000000051876,OTHERS,595.2656792,855.2138179
315972621.6,00000000-0000-0000-0000-000000051862,OTHERS,596.4599851,754.9542678
315972621.6,00000000-0000-0000-0000-000000051812,OTHERS,595.4902124,773.774719
315972621.6,00000000-0000-0000-0000-000000051867,OTHERS,608.6405412,830.2935564
315972621.6,00000000-0000-0000-0000-000000051571,OTHERS,605.5521285,782.6757798
315972621.6,00000000-0000-0000-0000-000000051806,OTHERS,602.0957822,700.9060287
315972621.6,00000000-0000-0000-0000-000000051712,OTHERS,579.1760278,832.5128727
315972621.6,00000000-0000-0000-0000-000000051629,OTHERS,594.4450491,805.9833382
315972621.6,00000000-0000-0000-0000-000000051661,OTHERS,619.7657344,830.0008781
315972621.6,00000000-0000-0000-0000-000000051639,AGENT,601.9089773,814.579583
315972621.6,00000000-0000-0000-0000-000000051632,OTHERS,594.8349569,799.2792723
315972621.6,00000000-0000-0000-0000-000000051771,OTHERS,594.9014833,793.2970602
315972621.7,00000000-0000-0000-0000-000000000000,AV,598.6961636,790.9069865
315972621.7,00000000-0000-0000-0000-000000050495,OTHERS,603.6455428,751.4940833
315972621.7,00000000-0000-0000-0000-000000050943,OTHERS,592.3947219,827.7828764
315972621.7,00000000-0000-0000-0000-000000051802,OTHERS,596.2840875,767.7117444
315972621.7,00000000-0000-0000-0000-000000051608,OTHERS,604.5192236,805.0044241
315972621.7,00000000-0000-0000-0000-000000051701,OTHERS,595.4265909,780.672498
315972621.7,00000000-0000-0000-0000-000000051405,OTHERS,607.1967015,732.6638143
315972621.7,00000000-0000-0000-0000-000000051876,OTHERS,595.2674795,855.2019673
315972621.7,00000000-0000-0000-0000-000000051571,OTHERS,605.6134979,781.5785619
315972621.7,00000000-0000-0000-0000-000000051862,OTHERS,596.4724773,754.93977
315972621.7,00000000-0000-0000-0000-000000051812,OTHERS,595.4917986,773.7722837
315972621.7,00000000-0000-0000-0000-000000051867,OTHERS,608.6825401,830.3349465
315972621.7,00000000-0000-0000-0000-000000051885,OTHERS,620.5287869,718.4287389
315972621.7,00000000-0000-0000-0000-000000051806,OTHERS,602.1370027,699.5368696
315972621.7,00000000-0000-0000-0000-000000051712,OTHERS,579.1760278,832.5128727
315972621.7,00000000-0000-0000-0000-000000051629,OTHERS,594.49111,806.107995
315972621.7,00000000-0000-0000-0000-000000051661,OTHERS,619.8130177,829.965641
315972621.7,00000000-0000-0000-0000-000000051639,AGENT,601.8556853,813.2065124
315972621.7,00000000-0000-0000-0000-000000051632,OTHERS,594.8257569,799.1863825
315972621.7,00000000-0000-0000-0000-000000051771,OTHERS,594.8876275,793.2700084
315972621.8,00000000-0000-0000-0000-000000000000,AV,598.7153293,789.8822466
315972621.8,00000000-0000-0000-0000-000000051812,OTHERS,595.4832897,773.7479064
315972621.8,00000000-0000-0000-0000-000000050943,OTHERS,591.9841513,827.8337543
315972621.8,00000000-0000-0000-0000-000000051802,OTHERS,596.2835299,767.6844914
315972621.8,00000000-0000-0000-0000-000000051608,OTHERS,604.556055,804.0341904
315972621.8,00000000-0000-0000-0000-000000051701,OTHERS,595.4641939,780.664095
315972621.8,00000000-0000-0000-0000-000000051405,OTHERS,607.3963997,731.3500982
315972621.8,00000000-0000-0000-0000-000000051876,OTHERS,595.3512926,855.0454255
315972621.8,00000000-0000-0000-0000-000000051862,OTHERS,596.5561139,754.8040766
315972621.8,00000000-0000-0000-0000-000000051571,OTHERS,605.6412158,780.5326315
315972621.8,00000000-0000-0000-0000-000000050495,OTHERS,603.7343147,749.9516147
315972621.8,00000000-0000-0000-0000-000000051885,OTHERS,620.5287869,718.4287389
315972621.8,00000000-0000-0000-0000-000000051867,OTHERS,609.4671052,830.3732125
315972621.8,00000000-0000-0000-0000-000000051806,OTHERS,602.7450912,698.2552486
315972621.8,00000000-0000-0000-0000-000000051629,OTHERS,594.498125,806.2318853
315972621.8,00000000-0000-0000-0000-000000051712,OTHERS,579.1760278,832.5128727
315972621.8,00000000-0000-0000-0000-000000051661,OTHERS,619.8299254,829.9640458
315972621.8,00000000-0000-0000-0000-000000051639,AGENT,601.7863919,812.0863123
315972621.8,00000000-0000-0000-0000-000000051632,OTHERS,594.8706658,799.1448455
315972621.8,00000000-0000-0000-0000-000000051771,OTHERS,594.8833294,793.2154298
315972621.9,00000000-0000-0000-0000-000000000000,AV,598.7345131,788.8602352
315972621.9,00000000-0000-0000-0000-000000051812,OTHERS,595.4639057,773.7378768
315972621.9,00000000-0000-0000-0000-000000050943,OTHERS,591.8486602,827.785413
315972621.9,00000000-0000-0000-0000-000000051802,OTHERS,596.2888781,767.6999365
315972621.9,00000000-0000-0000-0000-000000051701,OTHERS,595.4520678,780.607548
315972621.9,00000000-0000-0000-0000-000000051405,OTHERS,607.5333088,730.1434134
315972621.9,00000000-0000-0000-0000-000000051862,OTHERS,596.5657247,754.7289884
315972621.9,00000000-0000-0000-0000-000000051876,OTHERS,595.2818488,855.0348729
315972621.9,00000000-0000-0000-0000-000000051885,OTHERS,620.1284298,718.268804
315972621.9,00000000-0000-0000-0000-000000051867,OTHERS,608.6471805,830.5104406
315972621.9,00000000-0000-0000-0000-000000051608,OTHERS,604.6214123,803.0322162
315972621.9,00000000-0000-0000-0000-000000050495,OTHERS,603.7940883,748.5722578
315972621.9,00000000-0000-0000-0000-000000051571,OTHERS,605.688128,779.4354616
315972621.9,00000000-0000-0000-0000-000000051806,OTHERS,602.2974394,696.9392782
315972621.9,00000000-0000-0000-0000-000000051629,OTHERS,594.5499564,806.2956803
315972621.9,00000000-0000-0000-0000-000000051661,OTHERS,620.1302345,830.0440283
315972621.9,00000000-0000-0000-0000-000000051639,AGENT,601.7546668,810.7701931
315972621.9,00000000-0000-0000-0000-000000051632,OTHERS,594.8678506,799.2107742
315972621.9,00000000-0000-0000-0000-000000051771,OTHERS,594.8640966,793.1417821
315972622,00000000-0000-0000-0000-000000000000,AV,598.7556876,787.7195762
315972622,00000000-0000-0000-0000-000000051812,OTHERS,595.4714789,773.7224441
315972622,00000000-0000-0000-0000-000000050943,OTHERS,591.5920729,827.6693345
315972622,00000000-0000-0000-0000-000000051802,OTHERS,596.2889308,767.6913491
315972622,00000000-0000-0000-0000-000000051701,OTHERS,595.4778701,780.603555
315972622,00000000-0000-0000-0000-000000051405,OTHERS,607.4248235,728.7147114
315972622,00000000-0000-0000-0000-000000051876,OTHERS,595.3778226,855.1714352
315972622,00000000-0000-0000-0000-000000051885,OTHERS,620.340369,718.3661718
315972622,00000000-0000-0000-0000-000000051867,OTHERS,608.583569,830.6316984
315972622,00000000-0000-0000-0000-000000051882,OTHERS,610.4604293,782.1769798
315972622,00000000-0000-0000-0000-000000050495,OTHERS,603.7416744,747.2509752
315972622,00000000-0000-0000-0000-000000051608,OTHERS,604.7325003,802.1385963
315972622,00000000-0000-0000-0000-000000051862,OTHERS,596.4625527,754.9006582
315972622,00000000-0000-0000-0000-000000051571,OTHERS,605.7120427,778.4221293
315972622,00000000-0000-0000-0000-000000051806,OTHERS,602.4452384,695.5503687
315972622,00000000-0000-0000-0000-000000051629,OTHERS,594.5731849,806.288152
315972622,00000000-0000-0000-0000-000000051661,OTHERS,620.1302345,830.0440283
315972622,00000000-0000-0000-0000-000000051639,AGENT,601.7335338,809.4811849
315972622,00000000-0000-0000-0000-000000051771,OTHERS,594.82976,793.0728331
315972622,00000000-0000-0000-0000-000000051632,OTHERS,594.8699799,799.1326966
315972622.1,00000000-0000-0000-0000-000000000000,AV,598.7770502,786.6864909
315972622.1,00000000-0000-0000-0000-000000051812,OTHERS,595.448104,773.785121
315972622.1,00000000-0000-0000-0000-000000050943,OTHERS,591.5920729,827.6693345
315972622.1,00000000-0000-0000-0000-000000051802,OTHERS,596.2643683,767.6545064
315972622.1,00000000-0000-0000-0000-000000051701,OTHERS,595.4695747,780.597176
315972622.1,00000000-0000-0000-0000-000000051405,OTHERS,607.5558559,727.5957597
315972622.1,00000000-0000-0000-0000-000000051876,OTHERS,595.3559882,855.0503857
315972622.1,00000000-0000-0000-0000-000000051571,OTHERS,605.7514529,777.3555802
315972622.1,00000000-0000-0000-0000-000000051629,OTHERS,594.6054773,806.3435031
315972622.1,00000000-0000-0000-0000-000000051608,OTHERS,604.6726409,801.1398927
315972622.1,00000000-0000-0000-0000-000000050495,OTHERS,603.8802875,745.8480954
315972622.1,00000000-0000-0000-0000-000000051867,OTHERS,608.5548224,830.7709015
315972622.1,00000000-0000-0000-0000-000000051882,OTHERS,610.4523945,782.2191026
315972622.1,00000000-0000-0000-0000-000000051885,OTHERS,620.3248533,718.4774149
315972622.1,00000000-0000-0000-0000-000000051862,OTHERS,596.2901069,754.8951279
315972622.1,00000000-0000-0000-0000-000000051806,OTHERS,602.4795305,694.3148581
315972622.1,00000000-0000-0000-0000-000000051661,OTHERS,620.1302345,830.0440283
315972622.1,00000000-0000-0000-0000-000000051639,AGENT,601.6819569,808.0866031
315972622.1,00000000-0000-0000-0000-000000051771,OTHERS,594.8557683,793.0357216
315972622.1,00000000-0000-0000-0000-000000051632,OTHERS,594.9067655,799.0795713
315972622.2,00000000-0000-0000-0000-000000000000,AV,598.8035131,785.5398561
315972622.2,00000000-0000-0000-0000-000000050495,OTHERS,603.8855944,744.5254991
315972622.2,00000000-0000-0000-0000-000000051812,OTHERS,595.4055548,773.7273902
315972622.2,00000000-0000-0000-0000-000000050943,OTHERS,591.5920729,827.6693345
315972622.2,00000000-0000-0000-0000-000000051802,OTHERS,596.2573153,767.6563822
315972622.2,00000000-0000-0000-0000-000000051701,OTHERS,595.494268,780.5921946
315972622.2,00000000-0000-0000-0000-000000051405,OTHERS,607.6274262,726.3311232
315972622.2,00000000-0000-0000-0000-000000051876,OTHERS,595.3265406,855.0273012
315972622.2,00000000-0000-0000-0000-000000051571,OTHERS,605.8150212,776.3453677
315972622.2,00000000-0000-0000-0000-000000051608,OTHERS,604.7574881,800.1148128
315972622.2,00000000-0000-0000-0000-000000051888,OTHERS,577.5384022,832.3506523
315972622.2,00000000-0000-0000-0000-000000051867,OTHERS,609.8626139,830.5260008
315972622.2,00000000-0000-0000-0000-000000051882,OTHERS,610.4548658,782.1820448
315972622.2,00000000-0000-0000-0000-000000051885,OTHERS,620.3248533,718.4774149
315972622.2,00000000-0000-0000-0000-000000051862,OTHERS,596.3466685,754.7605089
315972622.2,00000000-0000-0000-0000-000000051806,OTHERS,602.5812639,693.0349196
315972622.2,00000000-0000-0000-0000-000000051629,OTHERS,594.6382139,806.4825743
315972622.2,00000000-0000-0000-0000-000000051661,OTHERS,620.1302345,830.0440283
315972622.2,00000000-0000-0000-0000-000000051639,AGENT,601.7111015,806.753593
315972622.2,00000000-0000-0000-0000-000000051771,OTHERS,594.8456112,792.9114216
315972622.2,00000000-0000-0000-0000-000000051632,OTHERS,594.8912499,799.0284217
315972622.3,00000000-0000-0000-0000-000000000000,AV,598.8233455,784.605753
315972622.3,00000000-0000-0000-0000-000000050495,OTHERS,603.9444357,743.1496331
315972622.3,00000000-0000-0000-0000-000000051812,OTHERS,595.4061727,773.7049241
315972622.3,00000000-0000-0000-0000-000000050943,OTHERS,591.5920729,827.6693345
315972622.3,00000000-0000-0000-0000-000000051802,OTHERS,596.2427882,767.7485294
315972622.3,00000000-0000-0000-0000-000000051701,OTHERS,595.4790377,780.6161153
315972622.3,00000000-0000-0000-0000-000000051405,OTHERS,607.6619739,725.0033723
315972622.3,00000000-0000-0000-0000-000000051876,OTHERS,595.4605241,854.972933
315972622.3,00000000-0000-0000-0000-000000051608,OTHERS,604.7721158,799.0903112
315972622.3,00000000-0000-0000-0000-000000051888,OTHERS,577.5728041,832.3038934
315972622.3,00000000-0000-0000-0000-000000051891,OTHERS,590.965118,832.4723714
315972622.3,00000000-0000-0000-0000-000000051571,OTHERS,605.8468762,775.2309976
315972622.3,00000000-0000-0000-0000-000000051867,OTHERS,609.1484223,830.1635882
315972622.3,00000000-0000-0000-0000-000000051882,OTHERS,610.4548658,782.1820448
315972622.3,00000000-0000-0000-0000-000000051885,OTHERS,619.9294471,718.3961014
315972622.3,00000000-0000-0000-0000-000000051862,OTHERS,596.2488473,754.8484059
315972622.3,00000000-0000-0000-0000-000000051806,OTHERS,602.7767751,691.7784124
315972622.3,00000000-0000-0000-0000-000000051629,OTHERS,594.7502351,806.3312796
315972622.3,00000000-0000-0000-0000-000000051879,OTHERS,594.0868604,792.2098757
315972622.3,00000000-0000-0000-0000-000000051639,AGENT,601.6918522,805.3533127
315972622.3,00000000-0000-0000-0000-000000051771,OTHERS,594.8887048,792.8578619
315972622.3,00000000-0000-0000-0000-000000051632,OTHERS,594.9384654,798.9427295
315972622.4,00000000-0000-0000-0000-000000000000,AV,598.8517453,783.4558016
315972622.4,00000000-0000-0000-0000-000000050495,OTHERS,603.9243867,741.7891406
315972622.4,00000000-0000-0000-0000-000000051812,OTHERS,595.4264745,773.7537802
315972622.4,00000000-0000-0000-0000-000000051802,OTHERS,596.1809773,767.8750698
315972622.4,00000000-0000-0000-0000-000000051701,OTHERS,595.521705,780.5296408
315972622.4,00000000-0000-0000-0000-000000051405,OTHERS,607.6153556,723.7759393
315972622.4,00000000-0000-0000-0000-000000051876,OTHERS,595.2761315,855.0009429
315972622.4,00000000-0000-0000-0000-000000051608,OTHERS,604.8184652,798.0462826
315972622.4,00000000-0000-0000-0000-000000051888,OTHERS,577.2510911,832.2647965
315972622.4,00000000-0000-0000-0000-000000051889,OTHERS,597.229102,741.5805636
315972622.4,00000000-0000-0000-0000-000000051891,OTHERS,590.965118,832.4723714
315972622.4,00000000-0000-0000-0000-000000051571,OTHERS,605.8940843,774.1829109
315972622.4,00000000-0000-0000-0000-000000051867,OTHERS,609.1992704,830.0583655
315972622.4,00000000-0000-0000-0000-000000051882,OTHERS,610.4324413,782.2165016
315972622.4,00000000-0000-0000-0000-000000051885,OTHERS,619.9294471,718.3961014
315972622.4,00000000-0000-0000-0000-000000051862,OTHERS,596.5708692,755.0032399
315972622.4,00000000-0000-0000-0000-000000051892,OTHERS,583.7323201,718.6773476
315972622.4,00000000-0000-0000-0000-000000051806,OTHERS,602.7767751,691.7784124
315972622.4,00000000-0000-0000-0000-000000051629,OTHERS,594.7919638,806.3976524
315972622.4,00000000-0000-0000-0000-000000051639,AGENT,601.7093498,803.877801
315972622.4,00000000-0000-0000-0000-000000051771,OTHERS,594.8811505,792.8344289
315972622.4,00000000-0000-0000-0000-000000051632,OTHERS,594.9285919,798.9755904
315972622.5,00000000-0000-0000-0000-000000000000,AV,598.8775283,782.4107333
315972622.5,00000000-0000-0000-0000-000000050495,OTHERS,604.0847551,740.3763446
315972622.5,00000000-0000-0000-0000-000000051812,OTHERS,595.4382991,773.7446036
315972622.5,00000000-0000-0000-0000-000000051802,OTHERS,596.1923522,767.7362003
315972622.5,00000000-0000-0000-0000-000000051701,OTHERS,595.4962295,780.5787752
315972622.5,00000000-0000-0000-0000-000000051405,OTHERS,607.6153556,723.7759393
315972622.5,00000000-0000-0000-0000-000000051876,OTHERS,595.2076354,855.0579773
315972622.5,00000000-0000-0000-0000-000000051571,OTHERS,605.9187014,773.1356593
315972622.5,00000000-0000-0000-0000-000000051891,OTHERS,590.965118,832.4723714
315972622.5,00000000-0000-0000-0000-000000051889,OTHERS,597.229102,741.5805636
315972622.5,00000000-0000-0000-0000-000000051885,OTHERS,620.3251548,718.5009895
315972622.5,00000000-0000-0000-0000-000000051608,OTHERS,604.8764555,797.0135927
315972622.5,00000000-0000-0000-0000-000000051888,OTHERS,577.6065574,832.3044578
315972622.5,00000000-0000-0000-0000-000000051867,OTHERS,609.1992704,830.0583655
315972622.5,00000000-0000-0000-0000-000000051882,OTHERS,610.469658,782.1347031
315972622.5,00000000-0000-0000-0000-000000051862,OTHERS,596.2278917,754.7417681
315972622.5,00000000-0000-0000-0000-000000051892,OTHERS,583.879174,718.6246042
315972622.5,00000000-0000-0000-0000-000000051806,OTHERS,602.7767751,691.7784124
315972622.5,00000000-0000-0000-0000-000000051629,OTHERS,594.8927154,806.2936676
315972622.5,00000000-0000-0000-0000-000000051639,AGENT,601.6966673,802.3645113
315972622.5,00000000-0000-0000-0000-000000051771,OTHERS,594.8869389,792.796858
315972622.5,00000000-0000-0000-0000-000000051632,OTHERS,594.949795,799.0224706
315972622.6,00000000-0000-0000-0000-000000000000,AV,598.9110247,781.2480474
315972622.6,00000000-0000-0000-0000-000000050495,OTHERS,604.3391607,738.9716495
315972622.6,00000000-0000-0000-0000-000000051812,OTHERS,595.4163565,773.6554844
315972622.6,00000000-0000-0000-0000-000000051802,OTHERS,596.1746887,767.7135496
315972622.6,00000000-0000-0000-0000-000000051701,OTHERS,595.5416385,780.2577533
315972622.6,00000000-0000-0000-0000-000000051405,OTHERS,607.8585386,721.1979194
315972622.6,00000000-0000-0000-0000-000000051876,OTHERS,595.3960987,855.0539121
315972622.6,00000000-0000-0000-0000-000000051571,OTHERS,605.9511674,772.0380529
315972622.6,00000000-0000-0000-0000-000000051629,OTHERS,594.8667452,806.3550499
315972622.6,00000000-0000-0000-0000-000000051891,OTHERS,590.965118,832.4723714
315972622.6,00000000-0000-0000-0000-000000051885,OTHERS,620.9254692,718.4168447
315972622.6,00000000-0000-0000-0000-000000051889,OTHERS,597.3508248,741.6024734
315972622.6,00000000-0000-0000-0000-000000051608,OTHERS,604.9218145,795.9987535
315972622.6,00000000-0000-0000-0000-000000051888,OTHERS,577.1717641,832.2494049
315972622.6,00000000-0000-0000-0000-000000051867,OTHERS,609.1992704,830.0583655
315972622.6,00000000-0000-0000-0000-000000051882,OTHERS,610.469658,782.1347031
315972622.6,00000000-0000-0000-0000-000000051862,OTHERS,596.259228,754.2974364
315972622.6,00000000-0000-0000-0000-000000051892,OTHERS,583.4050027,718.6382911
315972622.6,00000000-0000-0000-0000-000000051806,OTHERS,602.8006279,688.0478369
315972622.6,00000000-0000-0000-0000-000000051639,AGENT,601.7275107,801.0009294
315972622.6,00000000-0000-0000-0000-000000051771,OTHERS,594.8905472,792.7987963
315972622.6,00000000-0000-0000-0000-000000051632,OTHERS,594.9901097,799.0385326
315972622.7,00000000-0000-0000-0000-000000000000,AV,598.9444648,780.1916306
315972622.7,00000000-0000-0000-0000-000000050495,OTHERS,604.1774686,737.6262691
315972622.7,00000000-0000-0000-0000-000000051812,OTHERS,595.3852589,773.5016604
315972622.7,00000000-0000-0000-0000-000000051802,OTHERS,596.2070941,767.7001873
315972622.7,00000000-0000-0000-0000-000000051701,OTHERS,595.4688977,779.9146183
315972622.7,00000000-0000-0000-0000-000000051405,OTHERS,607.9019236,719.9703497
315972622.7,00000000-0000-0000-0000-000000051876,OTHERS,595.2570525,855.0276413
315972622.7,00000000-0000-0000-0000-000000051571,OTHERS,606.0102925,771.0376899
315972622.7,00000000-0000-0000-0000-000000051629,OTHERS,594.8926184,806.3377126
315972622.7,00000000-0000-0000-0000-000000051885,OTHERS,620.3950328,718.4361444
315972622.7,00000000-0000-0000-0000-000000051889,OTHERS,597.2306955,741.5815657
315972622.7,00000000-0000-0000-0000-000000051608,OTHERS,604.9457139,794.8973936
315972622.7,00000000-0000-0000-0000-000000051888,OTHERS,576.6068115,832.0993818
315972622.7,00000000-0000-0000-0000-000000051867,OTHERS,609.1992704,830.0583655
315972622.7,00000000-0000-0000-0000-000000051882,OTHERS,610.4768912,782.1718135
315972622.7,00000000-0000-0000-0000-000000051862,OTHERS,596.1614142,754.7261551
315972622.7,00000000-0000-0000-0000-000000051892,OTHERS,583.2234655,718.6229597
315972622.7,00000000-0000-0000-0000-000000051806,OTHERS,602.9875234,686.8361502
315972622.7,00000000-0000-0000-0000-000000051639,AGENT,601.7619341,799.5711031
315972622.7,00000000-0000-0000-0000-000000051771,OTHERS,594.8709967,792.7615101
315972622.7,00000000-0000-0000-0000-000000051632,OTHERS,595.0594362,798.9929598
315972622.8,00000000-0000-0000-0000-000000000000,AV,598.9764485,779.136351
315972622.8,00000000-0000-0000-0000-000000050495,OTHERS,604.153644,736.2864807
315972622.8,00000000-0000-0000-0000-000000051812,OTHERS,595.353642,773.427919
315972622.8,00000000-0000-0000-0000-000000051802,OTHERS,596.1915877,767.772131
315972622.8,00000000-0000-0000-0000-000000051701,OTHERS,595.4535174,779.7914996
315972622.8,00000000-0000-0000-0000-000000051405,OTHERS,607.9035758,718.7693058
315972622.8,00000000-0000-0000-0000-000000051876,OTHERS,595.1653326,855.0946437
315972622.8,00000000-0000-0000-0000-000000051571,OTHERS,606.0348078,769.986064
315972622.8,00000000-0000-0000-0000-000000051629,OTHERS,594.8918951,806.4644627
315972622.8,00000000-0000-0000-0000-000000051771,OTHERS,594.8725239,792.7704762
315972622.8,00000000-0000-0000-0000-000000051632,OTHERS,595.0321269,799.0652469
315972622.8,00000000-0000-0000-0000-000000051889,OTHERS,597.2416546,741.6360769
315972622.8,00000000-0000-0000-0000-000000051639,AGENT,601.7484792,798.0077483
315972622.8,00000000-0000-0000-0000-000000051885,OTHERS,620.8636938,718.4896086
315972622.8,00000000-0000-0000-0000-000000051608,OTHERS,605.0090497,793.9138847
315972622.8,00000000-0000-0000-0000-000000051888,OTHERS,577.0266977,832.2370716
315972622.8,00000000-0000-0000-0000-000000051882,OTHERS,610.4703842,782.1680367
315972622.8,00000000-0000-0000-0000-000000051862,OTHERS,596.3484401,754.7558872
315972622.8,00000000-0000-0000-0000-000000051892,OTHERS,582.6726119,718.6024575
315972622.8,00000000-0000-0000-0000-000000051806,OTHERS,602.666994,685.6588423
315972622.9,00000000-0000-0000-0000-000000000000,AV,599.0118466,778.0804724
315972622.9,00000000-0000-0000-0000-000000050495,OTHERS,604.3506387,735.0357984
315972622.9,00000000-0000-0000-0000-000000051812,OTHERS,595.3501249,773.472826
315972622.9,00000000-0000-0000-0000-000000051802,OTHERS,596.1872184,767.8575496
315972622.9,00000000-0000-0000-0000-000000051701,OTHERS,595.3656031,779.9099643
315972622.9,00000000-0000-0000-0000-000000051405,OTHERS,607.8974525,717.4664306
315972622.9,00000000-0000-0000-0000-000000051876,OTHERS,595.1653326,855.0946437
315972622.9,00000000-0000-0000-0000-000000051571,OTHERS,606.0968491,768.97906
315972622.9,00000000-0000-0000-0000-000000051629,OTHERS,594.9461889,806.2592149
315972622.9,00000000-0000-0000-0000-000000051889,OTHERS,597.2895697,741.6067899
315972622.9,00000000-0000-0000-0000-000000051771,OTHERS,594.8790514,792.6123099
315972622.9,00000000-0000-0000-0000-000000051632,OTHERS,595.0799382,799.0179364
315972622.9,00000000-0000-0000-0000-000000051639,AGENT,601.7801079,796.4498893
315972622.9,00000000-0000-0000-0000-000000051894,OTHERS,596.7332424,747.3703218
315972622.9,00000000-0000-0000-0000-000000051885,OTHERS,620.7559097,718.4525783
315972622.9,00000000-0000-0000-0000-000000051608,OTHERS,605.0353188,792.8068793
315972622.9,00000000-0000-0000-0000-000000051888,OTHERS,577.2563588,832.2213392
315972622.9,00000000-0000-0000-0000-000000051882,OTHERS,610.43607,782.1300693
315972622.9,00000000-0000-0000-0000-000000051862,OTHERS,596.3249142,754.302472
315972622.9,00000000-0000-0000-0000-000000051892,OTHERS,583.1437012,718.6591929
315972622.9,00000000-0000-0000-0000-000000051806,OTHERS,602.666994,685.6588423
315972623,00000000-0000-0000-0000-000000000000,AV,599.0486502,776.9155312
315972623,00000000-0000-0000-0000-000000050495,OTHERS,604.3133935,733.570859
315972623,00000000-0000-0000-0000-000000051812,OTHERS,595.3893078,773.4084233
315972623,00000000-0000-0000-0000-000000051802,OTHERS,596.1935808,767.7883782
315972623,00000000-0000-0000-0000-000000051701,OTHERS,595.5122737,779.6433367
315972623,00000000-0000-0000-0000-000000051405,OTHERS,608.0144459,716.1091148
315972623,00000000-0000-0000-0000-000000051876,OTHERS,595.315029,855.1002898
315972623,00000000-0000-0000-0000-000000051571,OTHERS,606.1127777,767.8377579
315972623,00000000-0000-0000-0000-000000051629,OTHERS,594.9697258,806.4136091
315972623,00000000-0000-0000-0000-000000051898,OTHERS,585.8138509,827.3941235
315972623,00000000-0000-0000-0000-000000051889,OTHERS,597.3055198,741.6138214
315972623,00000000-0000-0000-0000-000000051771,OTHERS,594.8721625,792.7116947
315972623,00000000-0000-0000-0000-000000051632,OTHERS,595.0919753,798.9595584
315972623,00000000-0000-0000-0000-000000051885,OTHERS,621.5499608,718.5709559
315972623,00000000-0000-0000-0000-000000051608,OTHERS,605.1061966,791.7619629
315972623,00000000-0000-0000-0000-000000051888,OTHERS,577.2104195,832.2332236
315972623,00000000-0000-0000-0000-000000051882,OTHERS,610.5029848,782.1474031
315972623,00000000-0000-0000-0000-000000051862,OTHERS,596.4476924,754.5999091
315972623,00000000-0000-0000-0000-000000051892,OTHERS,582.0037789,718.5501148
315972623,00000000-0000-0000-0000-000000051806,OTHERS,602.8726311,683.2336723
315972623,00000000-0000-0000-0000-000000051894,OTHERS,596.7309185,747.5971859
315972623,00000000-0000-0000-0000-000000051639,AGENT,601.820442,794.9701372
315972623.1,00000000-0000-0000-0000-000000000000,AV,599.0856063,775.8469582
315972623.1,00000000-0000-0000-0000-000000050495,OTHERS,604.2772309,732.1851023
315972623.1,00000000-0000-0000-0000-000000051802,OTHERS,596.1878965,767.7308699
315972623.1,00000000-0000-0000-0000-000000051701,OTHERS,595.4653666,779.6866914
315972623.1,00000000-0000-0000-0000-000000051405,OTHERS,607.9897039,715.0045297
315972623.1,00000000-0000-0000-0000-000000051876,OTHERS,595.4689916,854.9732809
315972623.1,00000000-0000-0000-0000-000000051571,OTHERS,606.1838844,766.8563841
315972623.1,00000000-0000-0000-0000-000000051629,OTHERS,595.0064043,806.3746336
315972623.1,00000000-0000-0000-0000-000000051898,OTHERS,582.7685592,827.2248137
315972623.1,00000000-0000-0000-0000-000000051889,OTHERS,597.2307432,741.4849167
315972623.1,00000000-0000-0000-0000-000000051812,OTHERS,595.4180086,773.3981402
315972623.1,00000000-0000-0000-0000-000000051771,OTHERS,594.8531147,792.5986505
315972623.1,00000000-0000-0000-0000-000000051632,OTHERS,595.0636791,798.6705936
315972623.1,00000000-0000-0000-0000-000000051885,OTHERS,620.9154566,718.4504291
315972623.1,00000000-0000-0000-0000-000000051608,OTHERS,605.1569856,790.5891843
315972623.1,00000000-0000-0000-0000-000000051888,OTHERS,578.1201169,832.3287311
315972623.1,00000000-0000-0000-0000-000000051882,OTHERS,610.5029848,782.1474031
315972623.1,00000000-0000-0000-0000-000000051862,OTHERS,596.4458131,754.0741726
315972623.1,00000000-0000-0000-0000-000000051892,OTHERS,582.0037789,718.5501148
315972623.1,00000000-0000-0000-0000-000000051806,OTHERS,603.1071577,682.1213696
315972623.1,00000000-0000-0000-0000-000000051894,OTHERS,596.9700198,747.6492845
315972623.1,00000000-0000-0000-0000-000000051639,AGENT,601.8653877,793.4570315
315972623.2,00000000-0000-0000-0000-000000000000,AV,599.1225348,774.7768952
315972623.2,00000000-0000-0000-0000-000000050495,OTHERS,604.4352768,730.8499061
315972623.2,00000000-0000-0000-0000-000000051802,OTHERS,596.1736238,767.7693058
315972623.2,00000000-0000-0000-0000-000000051701,OTHERS,595.4472368,779.5769851
315972623.2,00000000-0000-0000-0000-000000051405,OTHERS,608.1689855,713.7659541
315972623.2,00000000-0000-0000-0000-000000051876,OTHERS,595.2546169,855.1278527
315972623.2,00000000-0000-0000-0000-000000051571,OTHERS,606.204833,765.8520039
315972623.2,00000000-0000-0000-0000-000000051629,OTHERS,594.9877919,806.2945887
315972623.2,00000000-0000-0000-0000-000000051885,OTHERS,620.3956695,718.3199985
315972623.2,00000000-0000-0000-0000-000000051898,OTHERS,582.5420303,827.2657289
315972623.2,00000000-0000-0000-0000-000000051889,OTHERS,597.2604808,741.5785911
315972623.2,00000000-0000-0000-0000-000000051771,OTHERS,594.8968175,792.7183236
315972623.2,00000000-0000-0000-0000-000000051632,OTHERS,594.9779015,798.5281209
315972623.2,00000000-0000-0000-0000-000000051812,OTHERS,595.4059805,773.3754618
315972623.2,00000000-0000-0000-0000-000000051608,OTHERS,605.2128985,789.4731773
315972623.2,00000000-0000-0000-0000-000000051888,OTHERS,578.473111,832.3752316
315972623.2,00000000-0000-0000-0000-000000051882,OTHERS,610.4680751,782.1664107
315972623.2,00000000-0000-0000-0000-000000051862,OTHERS,596.4712906,754.054598
315972623.2,00000000-0000-0000-0000-000000051892,OTHERS,582.0037789,718.5501148
315972623.2,00000000-0000-0000-0000-000000051806,OTHERS,602.9435828,680.8586863
315972623.2,00000000-0000-0000-0000-000000051894,OTHERS,597.0021601,747.1516797
315972623.2,00000000-0000-0000-0000-000000051639,AGENT,601.8884272,791.8570609
315972623.3,00000000-0000-0000-0000-000000000000,AV,599.1595345,773.7099187
315972623.3,00000000-0000-0000-0000-000000050495,OTHERS,604.499267,729.4676463
315972623.3,00000000-0000-0000-0000-000000051802,OTHERS,596.195262,767.7627081
315972623.3,00000000-0000-0000-0000-000000051701,OTHERS,595.4157984,779.5481571
315972623.3,00000000-0000-0000-0000-000000051405,OTHERS,608.1623301,712.5365768
315972623.3,00000000-0000-0000-0000-000000051876,OTHERS,595.4406368,854.9904331
315972623.3,00000000-0000-0000-0000-000000051571,OTHERS,606.3653161,764.7093192
315972623.3,00000000-0000-0000-0000-000000051889,OTHERS,597.3802406,741.6117111
315972623.3,00000000-0000-0000-0000-000000051898,OTHERS,582.327065,827.2586623
315972623.3,00000000-0000-0000-0000-000000051885,OTHERS,620.8489292,718.2783586
315972623.3,00000000-0000-0000-0000-000000051812,OTHERS,595.4016709,773.232905
315972623.3,00000000-0000-0000-0000-000000051608,OTHERS,605.262165,788.3521902
315972623.3,00000000-0000-0000-0000-000000051888,OTHERS,578.473111,832.3752316
315972623.3,00000000-0000-0000-0000-000000051882,OTHERS,610.4570548,782.1931858
315972623.3,00000000-0000-0000-0000-000000051862,OTHERS,596.4542478,754.179178
315972623.3,00000000-0000-0000-0000-000000051892,OTHERS,582.0037789,718.5501148
315972623.3,00000000-0000-0000-0000-000000051806,OTHERS,603.1666892,679.6682143
315972623.3,00000000-0000-0000-0000-000000051629,OTHERS,594.9877919,806.2945887
315972623.3,00000000-0000-0000-0000-000000051894,OTHERS,596.9763657,747.088475
315972623.3,00000000-0000-0000-0000-000000051639,AGENT,601.9363796,790.3238167
315972623.3,00000000-0000-0000-0000-000000051771,OTHERS,594.8749538,792.6019497
315972623.3,00000000-0000-0000-0000-000000051632,OTHERS,595.1610955,798.9172239
315972623.4,00000000-0000-0000-0000-000000000000,AV,599.2065856,772.4197305
315972623.4,00000000-0000-0000-0000-000000050495,OTHERS,604.5808546,728.2075533
315972623.4,00000000-0000-0000-0000-000000051802,OTHERS,596.2069989,767.7747796
315972623.4,00000000-0000-0000-0000-000000051701,OTHERS,595.4325371,779.483563
315972623.4,00000000-0000-0000-0000-000000051405,OTHERS,608.3234669,711.2156065
315972623.4,00000000-0000-0000-0000-000000051876,OTHERS,595.2288856,855.0081477
315972623.4,00000000-0000-0000-0000-000000051629,OTHERS,594.9877919,806.2945887
315972623.4,00000000-0000-0000-0000-000000051898,OTHERS,583.0138124,827.2949347
315972623.4,00000000-0000-0000-0000-000000051889,OTHERS,597.2859135,741.6308552
315972623.4,00000000-0000-0000-0000-000000051885,OTHERS,620.4943339,718.4371236
315972623.4,00000000-0000-0000-0000-000000051812,OTHERS,595.4143571,773.1762045
315972623.4,00000000-0000-0000-0000-000000051571,OTHERS,606.2999993,763.6213229
315972623.4,00000000-0000-0000-0000-000000051608,OTHERS,605.3189488,787.1953152
315972623.4,00000000-0000-0000-0000-000000051888,OTHERS,578.473111,832.3752316
315972623.4,00000000-0000-0000-0000-000000051882,OTHERS,610.4532956,782.178466
315972623.4,00000000-0000-0000-0000-000000051862,OTHERS,596.4545884,753.9843275
315972623.4,00000000-0000-0000-0000-000000051806,OTHERS,603.1666892,679.6682143
315972623.4,00000000-0000-0000-0000-000000051894,OTHERS,596.9337692,747.265483
315972623.4,00000000-0000-0000-0000-000000051639,AGENT,602.0036572,788.7509536
315972623.4,00000000-0000-0000-0000-000000051771,OTHERS,594.8938855,792.52576
315972623.4,00000000-0000-0000-0000-000000051901,OTHERS,595.235659,772.9603163
315972623.4,00000000-0000-0000-0000-000000051632,OTHERS,595.0936533,798.3004273
315972623.5,00000000-0000-0000-0000-000000000000,AV,599.2377269,771.5590665
315972623.5,00000000-0000-0000-0000-000000050495,OTHERS,604.5890633,726.7034673
315972623.5,00000000-0000-0000-0000-000000051802,OTHERS,596.2247165,767.765891
315972623.5,00000000-0000-0000-0000-000000051701,OTHERS,595.4343161,779.4512921
315972623.5,00000000-0000-0000-0000-000000051405,OTHERS,608.1851602,710.0729546
315972623.5,00000000-0000-0000-0000-000000051876,OTHERS,595.3626468,855.0368026
315972623.5,00000000-0000-0000-0000-000000051629,OTHERS,594.9877919,806.2945887
315972623.5,00000000-0000-0000-0000-000000051898,OTHERS,583.0138124,827.2949347
315972623.5,00000000-0000-0000-0000-000000051889,OTHERS,597.3814153,741.3167039
315972623.5,00000000-0000-0000-0000-000000051885,OTHERS,620.932806,718.3258329
315972623.5,00000000-0000-0000-0000-000000051812,OTHERS,595.4444408,773.1373647
315972623.5,00000000-0000-0000-0000-000000051571,OTHERS,606.3565256,762.5985454
315972623.5,00000000-0000-0000-0000-000000051608,OTHERS,605.3747345,786.0586372
315972623.5,00000000-0000-0000-0000-000000051888,OTHERS,578.473111,832.3752316
315972623.5,00000000-0000-0000-0000-000000051882,OTHERS,610.4532956,782.178466
315972623.5,00000000-0000-0000-0000-000000051862,OTHERS,596.4797131,753.9426964
315972623.5,00000000-0000-0000-0000-000000051806,OTHERS,603.3492387,677.3474584
315972623.5,00000000-0000-0000-0000-000000051894,OTHERS,596.8244112,747.1903075
315972623.5,00000000-0000-0000-0000-000000051639,AGENT,602.0514235,787.2490349
315972623.5,00000000-0000-0000-0000-000000051771,OTHERS,594.9003129,792.506276
315972623.5,00000000-0000-0000-0000-000000051901,OTHERS,595.5296512,773.6335637
315972623.5,00000000-0000-0000-0000-000000051632,OTHERS,595.1544001,798.4939204
315972623.6,00000000-0000-0000-0000-000000000000,AV,599.2796031,770.4820781
315972623.6,00000000-0000-0000-0000-000000050495,OTHERS,604.6808556,725.293156
315972623.6,00000000-0000-0000-0000-000000051812,OTHERS,595.4460324,772.9613592
315972623.6,00000000-0000-0000-0000-000000051802,OTHERS,596.2221625,767.6346132
315972623.6,00000000-0000-0000-0000-000000051608,OTHERS,605.416174,784.9052382
315972623.6,00000000-0000-0000-0000-000000051701,OTHERS,595.4341992,779.4534161
315972623.6,00000000-0000-0000-0000-000000051898,OTHERS,583.0138124,827.2949347
315972623.6,00000000-0000-0000-0000-000000051889,OTHERS,597.2736494,741.3504999
315972623.6,00000000-0000-0000-0000-000000051885,OTHERS,620.6632088,718.2546764
315972623.6,00000000-0000-0000-0000-000000051876,OTHERS,595.3626468,855.0368026
315972623.6,00000000-0000-0000-0000-000000051882,OTHERS,610.4443824,782.1434922
315972623.6,00000000-0000-0000-0000-000000051862,OTHERS,596.504867,754.0017209
315972623.6,00000000-0000-0000-0000-000000051806,OTHERS,603.3492387,677.3474584
315972623.6,00000000-0000-0000-0000-000000051405,OTHERS,608.2637234,708.774582
315972623.6,00000000-0000-0000-0000-000000051894,OTHERS,596.924738,747.1414663
315972623.6,00000000-0000-0000-0000-000000051639,AGENT,602.0666682,785.6696145
315972623.6,00000000-0000-0000-0000-000000051771,OTHERS,594.8438821,792.5033467
315972623.6,00000000-0000-0000-0000-000000051901,OTHERS,595.7267578,774.0614694
315972623.6,00000000-0000-0000-0000-000000051632,OTHERS,595.1076961,798.1802808
315972623.6,00000000-0000-0000-0000-000000051571,OTHERS,606.3958015,761.5457171
315972623.7,00000000-0000-0000-0000-000000000000,AV,599.3198776,769.4101766
315972623.7,00000000-0000-0000-0000-000000050495,OTHERS,604.7670226,723.8410304
315972623.7,00000000-0000-0000-0000-000000051812,OTHERS,595.3945004,773.084837
315972623.7,00000000-0000-0000-0000-000000051802,OTHERS,596.2192312,767.662655
315972623.7,00000000-0000-0000-0000-000000051608,OTHERS,605.4861659,783.8142953
315972623.7,00000000-0000-0000-0000-000000051898,OTHERS,583.0138124,827.2949347
315972623.7,00000000-0000-0000-0000-000000051889,OTHERS,597.1993853,741.6216738
315972623.7,00000000-0000-0000-0000-000000051876,OTHERS,595.3612278,855.1622387
315972623.7,00000000-0000-0000-0000-000000051701,OTHERS,595.4568707,779.3178572
315972623.7,00000000-0000-0000-0000-000000051771,OTHERS,594.9019873,792.3264534
315972623.7,00000000-0000-0000-0000-000000051632,OTHERS,595.0877656,798.3814429
315972623.7,00000000-0000-0000-0000-000000051885,OTHERS,620.7672746,718.2960689
315972623.7,00000000-0000-0000-0000-000000051882,OTHERS,610.4815222,782.165001
315972623.7,00000000-0000-0000-0000-000000051905,OTHERS,585.3281681,718.6975026
315972623.7,00000000-0000-0000-0000-000000051862,OTHERS,596.5126452,753.9075627
315972623.7,00000000-0000-0000-0000-000000051806,OTHERS,603.2165936,675.032779
315972623.7,00000000-0000-0000-0000-000000051405,OTHERS,608.4143324,707.5670126
315972623.7,00000000-0000-0000-0000-000000051894,OTHERS,596.8371333,746.9544345
315972623.7,00000000-0000-0000-0000-000000051639,AGENT,602.1384533,783.9631383
315972623.7,00000000-0000-0000-0000-000000051571,OTHERS,606.4371057,760.4376556
315972623.8,00000000-0000-0000-0000-000000000000,AV,599.3631599,768.3311537
315972623.8,00000000-0000-0000-0000-000000050495,OTHERS,604.7190853,722.4491771
315972623.8,00000000-0000-0000-0000-000000051812,OTHERS,595.4061923,772.9857418
315972623.8,00000000-0000-0000-0000-000000051802,OTHERS,596.1603349,767.2467944
315972623.8,00000000-0000-0000-0000-000000051885,OTHERS,620.7031296,718.286676
315972623.8,00000000-0000-0000-0000-000000051882,OTHERS,610.4815222,782.165001
315972623.8,00000000-0000-0000-0000-000000051889,OTHERS,597.3713264,741.5653692
315972623.8,00000000-0000-0000-0000-000000051771,OTHERS,594.8891154,792.4445011
315972623.8,00000000-0000-0000-0000-000000051632,OTHERS,595.1082376,798.5203926
315972623.8,00000000-0000-0000-0000-000000051876,OTHERS,595.3612278,855.1622387
315972623.8,00000000-0000-0000-0000-000000051905,OTHERS,584.6157361,718.649877
315972623.8,00000000-0000-0000-0000-000000051862,OTHERS,596.5618531,753.646041
315972623.8,00000000-0000-0000-0000-000000051806,OTHERS,603.2165936,675.032779
315972623.8,00000000-0000-0000-0000-000000051405,OTHERS,608.3701613,706.3568321
315972623.8,00000000-0000-0000-0000-000000051894,OTHERS,596.7686582,746.94877
315972623.8,00000000-0000-0000-0000-000000051639,AGENT,602.213104,782.2717061
315972623.8,00000000-0000-0000-0000-000000051608,OTHERS,605.4902455,782.6204117
315972623.8,00000000-0000-0000-0000-000000051571,OTHERS,606.470981,759.4445849
315972623.8,00000000-0000-0000-0000-000000051701,OTHERS,595.4401397,779.2596435
315972623.9,00000000-0000-0000-0000-000000000000,AV,599.4119454,767.1411314
315972623.9,00000000-0000-0000-0000-000000050495,OTHERS,604.9536166,721.1291
315972623.9,00000000-0000-0000-0000-000000051812,OTHERS,595.4243931,772.860539
315972623.9,00000000-0000-0000-0000-000000051802,OTHERS,596.1557281,767.14857
315972623.9,00000000-0000-0000-0000-000000051608,OTHERS,605.5802481,781.518272
315972623.9,00000000-0000-0000-0000-000000051889,OTHERS,597.2342188,741.6385909
315972623.9,00000000-0000-0000-0000-000000051885,OTHERS,622.7026158,718.3800942
315972623.9,00000000-0000-0000-0000-000000051876,OTHERS,595.1822598,854.9673599
315972623.9,00000000-0000-0000-0000-000000051701,OTHERS,595.4412185,779.2553859
315972623.9,00000000-0000-0000-0000-000000051771,OTHERS,594.9186689,792.3587202
315972623.9,00000000-0000-0000-0000-000000051632,OTHERS,595.0912951,798.3712064
315972623.9,00000000-0000-0000-0000-000000051882,OTHERS,610.4815222,782.165001
315972623.9,00000000-0000-0000-0000-000000051905,OTHERS,584.8118411,718.6713668
315972623.9,00000000-0000-0000-0000-000000051862,OTHERS,596.4927074,753.9370787
315972623.9,00000000-0000-0000-0000-000000051806,OTHERS,603.2970612,672.4030018
315972623.9,00000000-0000-0000-0000-000000051405,OTHERS,608.4957112,705.1071231
315972623.9,00000000-0000-0000-0000-000000051894,OTHERS,596.7975751,747.0980215
315972623.9,00000000-0000-0000-0000-000000051639,AGENT,602.2745944,780.7693087
315972623.9,00000000-0000-0000-0000-000000051571,OTHERS,606.4807259,758.320767
315972624,00000000-0000-0000-0000-000000000000,AV,599.4597069,765.9479086
315972624,00000000-0000-0000-0000-000000050495,OTHERS,604.865187,719.7899188
315972624,00000000-0000-0000-0000-000000051812,OTHERS,595.3893113,772.8633575
315972624,00000000-0000-0000-0000-000000051802,OTHERS,596.1032447,766.9807349
315972624,00000000-0000-0000-0000-000000051608,OTHERS,605.628923,780.2379055
315972624,00000000-0000-0000-0000-000000051405,OTHERS,608.420415,703.9889129
315972624,00000000-0000-0000-0000-000000051876,OTHERS,595.3883855,855.0263359
315972624,00000000-0000-0000-0000-000000051701,OTHERS,595.4308203,779.2109424
315972624,00000000-0000-0000-0000-000000051862,OTHERS,596.5252421,753.8456701
315972624,00000000-0000-0000-0000-000000051905,OTHERS,584.5431675,718.65563
315972624,00000000-0000-0000-0000-000000051885,OTHERS,622.1790583,718.3691156
315972624,00000000-0000-0000-0000-000000051889,OTHERS,597.3572463,741.5043285
315972624,00000000-0000-0000-0000-000000051632,OTHERS,595.1622791,798.329049
315972624,00000000-0000-0000-0000-000000051771,OTHERS,594.9229739,792.2236089
315972624,00000000-0000-0000-0000-000000051882,OTHERS,610.5203978,782.1289757
315972624,00000000-0000-0000-0000-000000051806,OTHERS,603.2970612,672.4030018
315972624,00000000-0000-0000-0000-000000051894,OTHERS,596.7914546,746.917822
315972624,00000000-0000-0000-0000-000000051639,AGENT,602.3206549,779.0880093
315972624,00000000-0000-0000-0000-000000051571,OTHERS,606.5390034,757.2500979
315972624.1,00000000-0000-0000-0000-000000000000,AV,599.5029761,764.8670917
315972624.1,00000000-0000-0000-0000-000000050495,OTHERS,604.839247,718.5325386
315972624.1,00000000-0000-0000-0000-000000051812,OTHERS,595.3727095,772.8623038
315972624.1,00000000-0000-0000-0000-000000051802,OTHERS,596.1997087,766.6941295
315972624.1,00000000-0000-0000-0000-000000051608,OTHERS,605.6966263,779.0517512
315972624.1,00000000-0000-0000-0000-000000051405,OTHERS,608.7613579,702.7418094
315972624.1,00000000-0000-0000-0000-000000051876,OTHERS,595.3980269,855.0701189
315972624.1,00000000-0000-0000-0000-000000051701,OTHERS,595.4519562,779.2454295
315972624.1,00000000-0000-0000-0000-000000051862,OTHERS,596.5436837,753.6586405
315972624.1,00000000-0000-0000-0000-000000051905,OTHERS,584.900974,718.6838562
315972624.1,00000000-0000-0000-0000-000000051885,OTHERS,622.3298895,718.2142936
315972624.1,00000000-0000-0000-0000-000000051889,OTHERS,597.3180745,741.3667148
315972624.1,00000000-0000-0000-0000-000000051632,OTHERS,595.0837996,798.156203
315972624.1,00000000-0000-0000-0000-000000051771,OTHERS,594.8341328,791.8900045
315972624.1,00000000-0000-0000-0000-000000051882,OTHERS,610.5149984,782.119472
315972624.1,00000000-0000-0000-0000-000000051806,OTHERS,603.2970612,672.4030018
315972624.1,00000000-0000-0000-0000-000000051894,OTHERS,596.7514533,746.891448
315972624.1,00000000-0000-0000-0000-000000051639,AGENT,602.3717043,777.5287283
315972624.1,00000000-0000-0000-0000-000000051571,OTHERS,606.5709414,756.228333
315972624.2,00000000-0000-0000-0000-000000000000,AV,599.5482598,763.7853602
315972624.2,00000000-0000-0000-0000-000000050495,OTHERS,604.9136814,716.927774
315972624.2,00000000-0000-0000-0000-000000051812,OTHERS,595.3984616,772.9085703
315972624.2,00000000-0000-0000-0000-000000051608,OTHERS,605.7275542,777.8285638
315972624.2,00000000-0000-0000-0000-000000051405,OTHERS,608.5604669,701.6801188
315972624.2,00000000-0000-0000-0000-000000051876,OTHERS,595.3980269,855.0701189
315972624.2,00000000-0000-0000-0000-000000051571,OTHERS,606.6245392,755.1445809
315972624.2,00000000-0000-0000-0000-000000051802,OTHERS,596.1400204,766.9079732
315972624.2,00000000-0000-0000-0000-000000051907,OTHERS,577.972022,826.9536207
315972624.2,00000000-0000-0000-0000-000000051701,OTHERS,595.4661845,779.252328
315972624.2,00000000-0000-0000-0000-000000051771,OTHERS,595.0481566,792.1903618
315972624.2,00000000-0000-0000-0000-000000051632,OTHERS,595.0632005,798.3451649
315972624.2,00000000-0000-0000-0000-000000051885,OTHERS,622.8409343,718.3695304
315972624.2,00000000-0000-0000-0000-000000051905,OTHERS,584.4644541,718.6162348
315972624.2,00000000-0000-0000-0000-000000051862,OTHERS,596.542748,753.7918488
315972624.2,00000000-0000-0000-0000-000000051882,OTHERS,610.5043601,782.1019453
315972624.2,00000000-0000-0000-0000-000000051806,OTHERS,603.2970612,672.4030018
315972624.2,00000000-0000-0000-0000-000000051894,OTHERS,596.7256011,746.9322071
315972624.2,00000000-0000-0000-0000-000000051639,AGENT,602.4353645,775.8687481
315972624.2,00000000-0000-0000-0000-000000051889,OTHERS,597.1444942,741.3572476
315972624.3,00000000-0000-0000-0000-000000000000,AV,599.5964876,762.5946208
315972624.3,00000000-0000-0000-0000-000000050495,OTHERS,604.7980729,715.5319241
315972624.3,00000000-0000-0000-0000-000000051812,OTHERS,595.407991,772.9894099
315972624.3,00000000-0000-0000-0000-000000051608,OTHERS,605.8087117,776.6779485
315972624.3,00000000-0000-0000-0000-000000051876,OTHERS,595.3980269,855.0701189
315972624.3,00000000-0000-0000-0000-000000051571,OTHERS,606.648166,754.0913722
315972624.3,00000000-0000-0000-0000-000000051802,OTHERS,596.100338,766.7184322
315972624.3,00000000-0000-0000-0000-000000051907,OTHERS,577.972022,826.9536207
315972624.3,00000000-0000-0000-0000-000000051405,OTHERS,608.5806381,700.4072162
315972624.3,00000000-0000-0000-0000-000000051885,OTHERS,623.1786485,718.4029568
315972624.3,00000000-0000-0000-0000-000000051701,OTHERS,595.4815905,779.2995802
315972624.3,00000000-0000-0000-0000-000000051771,OTHERS,594.9827721,792.2622855
315972624.3,00000000-0000-0000-0000-000000051632,OTHERS,595.0899984,798.163368
315972624.3,00000000-0000-0000-0000-000000051862,OTHERS,596.5658414,753.5942723
315972624.3,00000000-0000-0000-0000-000000051905,OTHERS,584.7162195,718.6617483
315972624.3,00000000-0000-0000-0000-000000051882,OTHERS,610.5037522,782.0937755
315972624.3,00000000-0000-0000-0000-000000051894,OTHERS,596.6571031,746.9051201
315972624.3,00000000-0000-0000-0000-000000051639,AGENT,602.516526,774.1061181
315972624.3,00000000-0000-0000-0000-000000051889,OTHERS,597.0719121,740.8132941
315972624.4,00000000-0000-0000-0000-000000000000,AV,599.6485588,761.4021871
315972624.4,00000000-0000-0000-0000-000000050495,OTHERS,605.1647157,714.3200536
315972624.4,00000000-0000-0000-0000-000000051812,OTHERS,595.4174924,772.8776667
315972624.4,00000000-0000-0000-0000-000000051608,OTHERS,605.9358486,775.406837
315972624.4,00000000-0000-0000-0000-000000051701,OTHERS,595.5268841,779.2380597
315972624.4,00000000-0000-0000-0000-000000051876,OTHERS,595.1476485,855.0714973
315972624.4,00000000-0000-0000-0000-000000051571,OTHERS,606.6719385,753.0357033
315972624.4,00000000-0000-0000-0000-000000051802,OTHERS,596.2044482,766.5453301
315972624.4,00000000-0000-0000-0000-000000051907,OTHERS,577.972022,826.9536207
315972624.4,00000000-0000-0000-0000-000000051405,OTHERS,608.7819269,699.1828994
315972624.4,00000000-0000-0000-0000-000000051916,OTHERS,603.5053852,667.0935059
315972624.4,00000000-0000-0000-0000-000000051905,OTHERS,584.7573431,718.6727529
315972624.4,00000000-0000-0000-0000-000000051862,OTHERS,596.5749799,753.568242
315972624.4,00000000-0000-0000-0000-000000051885,OTHERS,622.5478967,718.2221478
315972624.4,00000000-0000-0000-0000-000000051882,OTHERS,610.4769804,782.0782729
315972624.4,00000000-0000-0000-0000-000000051894,OTHERS,596.7204886,747.0852828
315972624.4,00000000-0000-0000-0000-000000051639,AGENT,602.5686033,772.5044398
315972624.4,00000000-0000-0000-0000-000000051889,OTHERS,597.1071653,740.8869028
315972624.4,00000000-0000-0000-0000-000000051771,OTHERS,594.8355513,791.9593143
315972624.4,00000000-0000-0000-0000-000000051632,OTHERS,595.0789561,798.046726
315972624.5,00000000-0000-0000-0000-000000000000,AV,599.689135,760.420913
315972624.5,00000000-0000-0000-0000-000000050495,OTHERS,605.1736226,712.9010478
315972624.5,00000000-0000-0000-0000-000000051812,OTHERS,595.4374726,772.9187107
315972624.5,00000000-0000-0000-0000-000000051608,OTHERS,606.0381463,774.365897
315972624.5,00000000-0000-0000-0000-000000051701,OTHERS,595.5474418,779.3702655
315972624.5,00000000-0000-0000-0000-000000051876,OTHERS,595.3674782,854.9668834
315972624.5,00000000-0000-0000-0000-000000051571,OTHERS,606.7040062,752.0030947
315972624.5,00000000-0000-0000-0000-000000051802,OTHERS,596.0663293,766.7013437
315972624.5,00000000-0000-0000-0000-000000051907,OTHERS,577.972022,826.9536207
315972624.5,00000000-0000-0000-0000-000000051405,OTHERS,608.6305125,698.1064754
315972624.5,00000000-0000-0000-0000-000000051916,OTHERS,603.5053852,667.0935059
315972624.5,00000000-0000-0000-0000-000000051905,OTHERS,584.9410829,718.6785447
315972624.5,00000000-0000-0000-0000-000000051862,OTHERS,596.5927877,753.5032412
315972624.5,00000000-0000-0000-0000-000000051885,OTHERS,623.0047011,718.278987
315972624.5,00000000-0000-0000-0000-000000051882,OTHERS,610.506666,781.9295697
315972624.5,00000000-0000-0000-0000-000000051894,OTHERS,596.6218705,747.0087718
315972624.5,00000000-0000-0000-0000-000000051639,AGENT,602.6372948,770.9020902
315972624.5,00000000-0000-0000-0000-000000051889,OTHERS,597.0873157,740.554727
315972624.5,00000000-0000-0000-0000-000000051771,OTHERS,594.9395609,791.7085452
315972624.5,00000000-0000-0000-0000-000000051632,OTHERS,595.0801816,798.2724201
